country,club,city,year,trainer,points
Россия,ЦСКА,Москва,2000,Марко Николич,49
Италия,Милан,Милан,2022,Сержиу Консейсан,19
Испания,Барселона,Барселона,2025,Ханс‑Дитер Флик,29
Испания,Атлетико,Мадрид,2018,Диего Симеоне,49
Германия,Боруссия,Дортмунд,2008,Нико Ковач,100
Италия,Ювентус,Турин,2016,Игор Тудор,0
Испания,Реал Мадрид,Мадрид,2004,Карло Анчелотти,17
Англия,Челси,Лондон,2000,Энцо Мареска,58
Россия,Зенит,Санкт-Петербург,2008,Семак Сергей Богданович,70
Англия,Челси,Лондон,2018,Энцо Мареска,13
Англия,Арсенал,Лондон,2005,Микель Артета,13
Германия,Бавария,Мюнхен,2008,Венсан Компани,46
Германия,Боруссия,Дортмунд,2011,Нико Ковач,14
Испания,Барселона,Барселона,2019,Ханс‑Дитер Флик,55
Англия,Арсенал,Лондон,2019,Микель Артета,11
Англия,Челси,Лондон,2004,Энцо Мареска,20
Германия,Боруссия,Дортмунд,2009,Нико Ковач,89
Англия,Челси,Лондон,2015,Энцо Мареска,1
Испания,Реал Мадрид,Мадрид,2007,Карло Анчелотти,27
Германия,Бавария,Мюнхен,2007,Венсан Компани,75
Германия,Лейпциг,Лейпциг,2010,Жолт Лев,63
Англия,Челси,Лондон,2006,Энцо Мареска,51
Испания,Реал Мадрид,Мадрид,2015,Карло Анчелотти,31
Испания,Барселона,Барселона,2002,Ханс‑Дитер Флик,93
Германия,Лейпциг,Лейпциг,2023,Жолт Лев,9
Англия,Арсенал,Лондон,2018,Микель Артета,83
Россия,Спартак,Москва,2008,Деян Станкович,4
Испания,Атлетико,Мадрид,2013,Диего Симеоне,97
Испания,Реал Мадрид,Мадрид,2003,Карло Анчелотти,7
Россия,Спартак,Москва,2008,Деян Станкович,20
Россия,ЦСКА,Москва,2008,Марко Николич,60
Англия,Арсенал,Лондон,2015,Микель Артета,84
Италия,Ювентус,Турин,2001,Игор Тудор,21
Италия,Милан,Милан,2023,Сержиу Консейсан,47
Испания,Атлетико,Мадрид,2019,Диего Симеоне,51
Англия,Челси,Лондон,2024,Энцо Мареска,45
Италия,Ювентус,Турин,2004,Игор Тудор,54
Испания,Реал Мадрид,Мадрид,2023,Карло Анчелотти,50
Испания,Атлетико,Мадрид,2000,Диего Симеоне,69
Италия,Милан,Милан,2024,Сержиу Консейсан,65
Германия,Бавария,Мюнхен,2011,Венсан Компани,54
Англия,Арсенал,Лондон,2013,Микель Артета,27
Англия,Манчестер Сити,Манчестер,2013,Пеп Гвардиола,68
Италия,Интер,Милан,2025, Симоне Индзаги,43
Италия,Ювентус,Турин,2019,Игор Тудор,86
Германия,Бавария,Мюнхен,2022,Венсан Компани,15
Англия,Арсенал,Лондон,2022,Микель Артета,15
Германия,Боруссия,Дортмунд,2003,Нико Ковач,58
Россия,ЦСКА,Москва,2019,Марко Николич,28
Испания,Барселона,Барселона,2020,Ханс‑Дитер Флик,29
Англия,Челси,Лондон,2003,Энцо Мареска,39
Россия,Спартак,Москва,2003,Деян Станкович,48
Англия,Челси,Лондон,2007,Энцо Мареска,12
Испания,Атлетико,Мадрид,2016,Диего Симеоне,92
Англия,Челси,Лондон,2008,Энцо Мареска,80
Германия,Боруссия,Дортмунд,2013,Нико Ковач,4
Германия,Лейпциг,Лейпциг,2022,Жолт Лев,35
Англия,Арсенал,Лондон,2014,Микель Артета,16
Россия,ЦСКА,Москва,2024,Марко Николич,45
Германия,Боруссия,Дортмунд,2012,Нико Ковач,100
Россия,Спартак,Москва,2001,Деян Станкович,57
Италия,Ювентус,Турин,2011,Игор Тудор,89
Германия,Лейпциг,Лейпциг,2005,Жолт Лев,26
Испания,Барселона,Барселона,2020,Ханс‑Дитер Флик,49
Россия,ЦСКА,Москва,2017,Марко Николич,79
Италия,Ювентус,Турин,2006,Игор Тудор,96
Россия,Зенит,Санкт-Петербург,2002,Семак Сергей Богданович,39
Италия,Ювентус,Турин,2017,Игор Тудор,3
Англия,Арсенал,Лондон,2019,Микель Артета,5
Германия,Боруссия,Дортмунд,2019,Нико Ковач,27
Германия,Боруссия,Дортмунд,2011,Нико Ковач,100
Россия,ЦСКА,Москва,2003,Марко Николич,2
Англия,Арсенал,Лондон,2000,Микель Артета,47
Россия,ЦСКА,Москва,2004,Марко Николич,8
Италия,Интер,Милан,2017, Симоне Индзаги,80
Англия,Манчестер Сити,Манчестер,2007,Пеп Гвардиола,41
Германия,Лейпциг,Лейпциг,2000,Жолт Лев,82
Италия,Интер,Милан,2012, Симоне Индзаги,10
Германия,Бавария,Мюнхен,2020,Венсан Компани,7
Англия,Челси,Лондон,2006,Энцо Мареска,27
Германия,Боруссия,Дортмунд,2024,Нико Ковач,0
Испания,Барселона,Барселона,2014,Ханс‑Дитер Флик,93
Испания,Реал Мадрид,Мадрид,2000,Карло Анчелотти,23
Испания,Атлетико,Мадрид,2015,Диего Симеоне,27
Германия,Лейпциг,Лейпциг,2021,Жолт Лев,90
Испания,Реал Мадрид,Мадрид,2024,Карло Анчелотти,32
Англия,Манчестер Сити,Манчестер,2011,Пеп Гвардиола,94
Германия,Боруссия,Дортмунд,2010,Нико Ковач,83
Испания,Барселона,Барселона,2000,Ханс‑Дитер Флик,61
Испания,Атлетико,Мадрид,2002,Диего Симеоне,54
Россия,ЦСКА,Москва,2006,Марко Николич,65
Россия,Зенит,Санкт-Петербург,2018,Семак Сергей Богданович,79
Англия,Челси,Лондон,2005,Энцо Мареска,90
Англия,Арсенал,Лондон,2012,Микель Артета,75
Англия,Манчестер Сити,Манчестер,2003,Пеп Гвардиола,55
Англия,Арсенал,Лондон,2025,Микель Артета,84
Испания,Барселона,Барселона,2001,Ханс‑Дитер Флик,12
Германия,Лейпциг,Лейпциг,2004,Жолт Лев,55
Испания,Реал Мадрид,Мадрид,2002,Карло Анчелотти,36
Россия,Спартак,Москва,2023,Деян Станкович,84
Испания,Атлетико,Мадрид,2006,Диего Симеоне,60
Испания,Атлетико,Мадрид,2016,Диего Симеоне,30
Италия,Интер,Милан,2002, Симоне Индзаги,17
Испания,Атлетико,Мадрид,2015,Диего Симеоне,41
Россия,Спартак,Москва,2019,Деян Станкович,12
Англия,Манчестер Сити,Манчестер,2022,Пеп Гвардиола,84
Италия,Милан,Милан,2010,Сержиу Консейсан,28
Россия,ЦСКА,Москва,2015,Марко Николич,97
Италия,Ювентус,Турин,2006,Игор Тудор,52
Англия,Манчестер Сити,Манчестер,2010,Пеп Гвардиола,96
Испания,Атлетико,Мадрид,2025,Диего Симеоне,79
Англия,Манчестер Сити,Манчестер,2016,Пеп Гвардиола,52
Англия,Челси,Лондон,2019,Энцо Мареска,77
Россия,ЦСКА,Москва,2003,Марко Николич,0
Германия,Лейпциг,Лейпциг,2007,Жолт Лев,95
Италия,Милан,Милан,2025,Сержиу Консейсан,22
Германия,Лейпциг,Лейпциг,2007,Жолт Лев,47
Англия,Челси,Лондон,2005,Энцо Мареска,2
Англия,Манчестер Сити,Манчестер,2022,Пеп Гвардиола,96
Испания,Реал Мадрид,Мадрид,2009,Карло Анчелотти,31
Россия,ЦСКА,Москва,2001,Марко Николич,28
Испания,Атлетико,Мадрид,2022,Диего Симеоне,51
Германия,Лейпциг,Лейпциг,2002,Жолт Лев,9
Германия,Лейпциг,Лейпциг,2024,Жолт Лев,40
Германия,Бавария,Мюнхен,2020,Венсан Компани,9
Италия,Ювентус,Турин,2020,Игор Тудор,48
Италия,Ювентус,Турин,2014,Игор Тудор,21
Англия,Манчестер Сити,Манчестер,2014,Пеп Гвардиола,58
Испания,Атлетико,Мадрид,2003,Диего Симеоне,11
Германия,Боруссия,Дортмунд,2010,Нико Ковач,36
Германия,Боруссия,Дортмунд,2008,Нико Ковач,17
Англия,Челси,Лондон,2009,Энцо Мареска,56
Германия,Бавария,Мюнхен,2004,Венсан Компани,29
Испания,Атлетико,Мадрид,2021,Диего Симеоне,90
Россия,ЦСКА,Москва,2008,Марко Николич,48
Испания,Атлетико,Мадрид,2000,Диего Симеоне,36
Италия,Ювентус,Турин,2016,Игор Тудор,94
Англия,Манчестер Сити,Манчестер,2009,Пеп Гвардиола,11
Германия,Боруссия,Дортмунд,2018,Нико Ковач,89
Россия,Зенит,Санкт-Петербург,2010,Семак Сергей Богданович,55
Испания,Атлетико,Мадрид,2004,Диего Симеоне,2
Германия,Боруссия,Дортмунд,2015,Нико Ковач,98
Россия,ЦСКА,Москва,2024,Марко Николич,60
Англия,Арсенал,Лондон,2023,Микель Артета,1
Германия,Лейпциг,Лейпциг,2024,Жолт Лев,55
Германия,Боруссия,Дортмунд,2004,Нико Ковач,93
Германия,Бавария,Мюнхен,2012,Венсан Компани,85
Россия,Спартак,Москва,2022,Деян Станкович,74
Англия,Манчестер Сити,Манчестер,2009,Пеп Гвардиола,59
Англия,Арсенал,Лондон,2014,Микель Артета,37
Германия,Лейпциг,Лейпциг,2009,Жолт Лев,34
Германия,Лейпциг,Лейпциг,2022,Жолт Лев,100
Россия,Зенит,Санкт-Петербург,2012,Семак Сергей Богданович,78
Германия,Бавария,Мюнхен,2015,Венсан Компани,30
Испания,Барселона,Барселона,2008,Ханс‑Дитер Флик,17
Россия,Спартак,Москва,2020,Деян Станкович,87
Испания,Реал Мадрид,Мадрид,2006,Карло Анчелотти,55
Англия,Манчестер Сити,Манчестер,2014,Пеп Гвардиола,23
Германия,Боруссия,Дортмунд,2006,Нико Ковач,5
Англия,Челси,Лондон,2004,Энцо Мареска,4
Англия,Челси,Лондон,2014,Энцо Мареска,10
Италия,Ювентус,Турин,2024,Игор Тудор,62
Германия,Лейпциг,Лейпциг,2001,Жолт Лев,89
Германия,Бавария,Мюнхен,2015,Венсан Компани,58
Англия,Манчестер Сити,Манчестер,2024,Пеп Гвардиола,62
Испания,Реал Мадрид,Мадрид,2023,Карло Анчелотти,42
Испания,Атлетико,Мадрид,2010,Диего Симеоне,27
Россия,Зенит,Санкт-Петербург,2022,Семак Сергей Богданович,44
Италия,Милан,Милан,2000,Сержиу Консейсан,95
Италия,Ювентус,Турин,2024,Игор Тудор,65
Россия,ЦСКА,Москва,2004,Марко Николич,82
Россия,Зенит,Санкт-Петербург,2009,Семак Сергей Богданович,83
Россия,Зенит,Санкт-Петербург,2000,Семак Сергей Богданович,88
Италия,Ювентус,Турин,2025,Игор Тудор,8
Россия,Спартак,Москва,2022,Деян Станкович,58
Англия,Манчестер Сити,Манчестер,2002,Пеп Гвардиола,73
Испания,Реал Мадрид,Мадрид,2022,Карло Анчелотти,31
Италия,Милан,Милан,2021,Сержиу Консейсан,88
Испания,Реал Мадрид,Мадрид,2011,Карло Анчелотти,50
Италия,Ювентус,Турин,2000,Игор Тудор,33
Россия,Зенит,Санкт-Петербург,2024,Семак Сергей Богданович,43
Италия,Интер,Милан,2003, Симоне Индзаги,92
Англия,Челси,Лондон,2007,Энцо Мареска,4
Россия,Спартак,Москва,2019,Деян Станкович,99
Англия,Челси,Лондон,2025,Энцо Мареска,31
Россия,Спартак,Москва,2013,Деян Станкович,35
Германия,Лейпциг,Лейпциг,2017,Жолт Лев,23
Англия,Манчестер Сити,Манчестер,2005,Пеп Гвардиола,51
Англия,Манчестер Сити,Манчестер,2009,Пеп Гвардиола,79
Германия,Бавария,Мюнхен,2004,Венсан Компани,40
Италия,Интер,Милан,2007, Симоне Индзаги,45
Испания,Атлетико,Мадрид,2019,Диего Симеоне,21
Англия,Манчестер Сити,Манчестер,2013,Пеп Гвардиола,87
Испания,Барселона,Барселона,2001,Ханс‑Дитер Флик,93
Испания,Атлетико,Мадрид,2016,Диего Симеоне,34
Германия,Боруссия,Дортмунд,2013,Нико Ковач,51
Россия,Зенит,Санкт-Петербург,2009,Семак Сергей Богданович,45
Россия,ЦСКА,Москва,2019,Марко Николич,62
Россия,Спартак,Москва,2002,Деян Станкович,87
Италия,Интер,Милан,2004, Симоне Индзаги,97
Англия,Челси,Лондон,2025,Энцо Мареска,24
Италия,Интер,Милан,2010, Симоне Индзаги,17
Италия,Ювентус,Турин,2025,Игор Тудор,49
Италия,Ювентус,Турин,2000,Игор Тудор,92
Россия,ЦСКА,Москва,2011,Марко Николич,0
Германия,Лейпциг,Лейпциг,2021,Жолт Лев,84
Италия,Ювентус,Турин,2017,Игор Тудор,61
Германия,Лейпциг,Лейпциг,2013,Жолт Лев,2
Испания,Барселона,Барселона,2019,Ханс‑Дитер Флик,77
Англия,Челси,Лондон,2006,Энцо Мареска,63
Испания,Атлетико,Мадрид,2013,Диего Симеоне,33
Германия,Бавария,Мюнхен,2009,Венсан Компани,55
Италия,Интер,Милан,2016, Симоне Индзаги,53
Италия,Милан,Милан,2014,Сержиу Консейсан,11
Испания,Реал Мадрид,Мадрид,2019,Карло Анчелотти,22
Италия,Милан,Милан,2009,Сержиу Консейсан,98
Англия,Челси,Лондон,2024,Энцо Мареска,65
Германия,Боруссия,Дортмунд,2020,Нико Ковач,37
Испания,Реал Мадрид,Мадрид,2024,Карло Анчелотти,75
Италия,Милан,Милан,2017,Сержиу Консейсан,83
Россия,Спартак,Москва,2017,Деян Станкович,72
Германия,Бавария,Мюнхен,2015,Венсан Компани,33
Германия,Боруссия,Дортмунд,2013,Нико Ковач,39
Италия,Милан,Милан,2019,Сержиу Консейсан,79
Германия,Бавария,Мюнхен,2017,Венсан Компани,68
Англия,Манчестер Сити,Манчестер,2011,Пеп Гвардиола,48
Россия,ЦСКА,Москва,2012,Марко Николич,29
Россия,Зенит,Санкт-Петербург,2013,Семак Сергей Богданович,62
Англия,Челси,Лондон,2006,Энцо Мареска,59
Италия,Милан,Милан,2015,Сержиу Консейсан,58
Россия,ЦСКА,Москва,2007,Марко Николич,20
Италия,Ювентус,Турин,2004,Игор Тудор,79
Англия,Арсенал,Лондон,2002,Микель Артета,76
Италия,Милан,Милан,2012,Сержиу Консейсан,28
Германия,Лейпциг,Лейпциг,2005,Жолт Лев,39
Россия,Зенит,Санкт-Петербург,2019,Семак Сергей Богданович,81
Англия,Манчестер Сити,Манчестер,2003,Пеп Гвардиола,75
Италия,Милан,Милан,2000,Сержиу Консейсан,85
Англия,Манчестер Сити,Манчестер,2013,Пеп Гвардиола,22
Италия,Интер,Милан,2012, Симоне Индзаги,3
Германия,Боруссия,Дортмунд,2015,Нико Ковач,92
Италия,Милан,Милан,2008,Сержиу Консейсан,36
Италия,Ювентус,Турин,2017,Игор Тудор,37
Англия,Манчестер Сити,Манчестер,2016,Пеп Гвардиола,29
Италия,Милан,Милан,2018,Сержиу Консейсан,87
Германия,Бавария,Мюнхен,2017,Венсан Компани,83
Россия,Спартак,Москва,2025,Деян Станкович,94
Испания,Атлетико,Мадрид,2007,Диего Симеоне,18
Германия,Лейпциг,Лейпциг,2023,Жолт Лев,12
Россия,Спартак,Москва,2004,Деян Станкович,65
Испания,Реал Мадрид,Мадрид,2002,Карло Анчелотти,89
Испания,Атлетико,Мадрид,2014,Диего Симеоне,75
Россия,Спартак,Москва,2004,Деян Станкович,93
Италия,Ювентус,Турин,2009,Игор Тудор,86
Англия,Арсенал,Лондон,2023,Микель Артета,94
Италия,Интер,Милан,2023, Симоне Индзаги,45
Германия,Лейпциг,Лейпциг,2016,Жолт Лев,16
Италия,Ювентус,Турин,2024,Игор Тудор,38
Россия,Спартак,Москва,2007,Деян Станкович,56
Германия,Лейпциг,Лейпциг,2005,Жолт Лев,52
Россия,Спартак,Москва,2025,Деян Станкович,39
Испания,Барселона,Барселона,2006,Ханс‑Дитер Флик,94
Италия,Ювентус,Турин,2005,Игор Тудор,88
Германия,Бавария,Мюнхен,2007,Венсан Компани,78
Германия,Боруссия,Дортмунд,2019,Нико Ковач,18
Испания,Барселона,Барселона,2008,Ханс‑Дитер Флик,71
Германия,Лейпциг,Лейпциг,2007,Жолт Лев,41
Россия,Спартак,Москва,2007,Деян Станкович,67
Италия,Милан,Милан,2023,Сержиу Консейсан,18
Испания,Реал Мадрид,Мадрид,2013,Карло Анчелотти,0
Италия,Ювентус,Турин,2021,Игор Тудор,53
Россия,ЦСКА,Москва,2020,Марко Николич,33
Англия,Арсенал,Лондон,2015,Микель Артета,13
Англия,Манчестер Сити,Манчестер,2005,Пеп Гвардиола,74
Россия,ЦСКА,Москва,2000,Марко Николич,12
Россия,Зенит,Санкт-Петербург,2023,Семак Сергей Богданович,9
Россия,Зенит,Санкт-Петербург,2025,Семак Сергей Богданович,39
Германия,Боруссия,Дортмунд,2000,Нико Ковач,61
Россия,ЦСКА,Москва,2002,Марко Николич,56
Испания,Атлетико,Мадрид,2008,Диего Симеоне,81
Англия,Манчестер Сити,Манчестер,2012,Пеп Гвардиола,54
Германия,Бавария,Мюнхен,2016,Венсан Компани,14
Германия,Лейпциг,Лейпциг,2010,Жолт Лев,85
Англия,Арсенал,Лондон,2013,Микель Артета,58
Англия,Манчестер Сити,Манчестер,2014,Пеп Гвардиола,0
Англия,Челси,Лондон,2023,Энцо Мареска,17
Испания,Барселона,Барселона,2013,Ханс‑Дитер Флик,73
Испания,Барселона,Барселона,2009,Ханс‑Дитер Флик,99
Испания,Реал Мадрид,Мадрид,2020,Карло Анчелотти,42
Англия,Арсенал,Лондон,2018,Микель Артета,68
Англия,Манчестер Сити,Манчестер,2002,Пеп Гвардиола,90
Россия,Спартак,Москва,2014,Деян Станкович,5
Италия,Ювентус,Турин,2003,Игор Тудор,0
Россия,ЦСКА,Москва,2004,Марко Николич,44
Россия,ЦСКА,Москва,2008,Марко Николич,8
Германия,Лейпциг,Лейпциг,2020,Жолт Лев,34
Италия,Милан,Милан,2021,Сержиу Консейсан,8
Германия,Лейпциг,Лейпциг,2009,Жолт Лев,21
Германия,Боруссия,Дортмунд,2015,Нико Ковач,13
Россия,Спартак,Москва,2021,Деян Станкович,30
Россия,Спартак,Москва,2013,Деян Станкович,88
Испания,Барселона,Барселона,2003,Ханс‑Дитер Флик,96
Испания,Атлетико,Мадрид,2023,Диего Симеоне,86
Россия,Спартак,Москва,2023,Деян Станкович,63
Италия,Интер,Милан,2014, Симоне Индзаги,15
Англия,Челси,Лондон,2012,Энцо Мареска,95
Англия,Манчестер Сити,Манчестер,2023,Пеп Гвардиола,86
Германия,Боруссия,Дортмунд,2005,Нико Ковач,50
Италия,Интер,Милан,2021, Симоне Индзаги,52
Испания,Барселона,Барселона,2017,Ханс‑Дитер Флик,6
Германия,Бавария,Мюнхен,2019,Венсан Компани,27
Россия,Зенит,Санкт-Петербург,2017,Семак Сергей Богданович,80
Англия,Арсенал,Лондон,2021,Микель Артета,52
Германия,Лейпциг,Лейпциг,2000,Жолт Лев,48
Россия,Спартак,Москва,2012,Деян Станкович,90
Испания,Барселона,Барселона,2025,Ханс‑Дитер Флик,14
Италия,Интер,Милан,2006, Симоне Индзаги,58
Германия,Лейпциг,Лейпциг,2025,Жолт Лев,16
Испания,Реал Мадрид,Мадрид,2001,Карло Анчелотти,0
Германия,Боруссия,Дортмунд,2005,Нико Ковач,96
Англия,Арсенал,Лондон,2017,Микель Артета,62
Германия,Лейпциг,Лейпциг,2013,Жолт Лев,83
Германия,Бавария,Мюнхен,2007,Венсан Компани,52
Англия,Арсенал,Лондон,2011,Микель Артета,13
Россия,Зенит,Санкт-Петербург,2009,Семак Сергей Богданович,99
Италия,Интер,Милан,2012, Симоне Индзаги,91
Англия,Арсенал,Лондон,2008,Микель Артета,42
Испания,Барселона,Барселона,2017,Ханс‑Дитер Флик,33
Италия,Милан,Милан,2001,Сержиу Консейсан,80
Англия,Челси,Лондон,2014,Энцо Мареска,50
Англия,Манчестер Сити,Манчестер,2008,Пеп Гвардиола,15
Англия,Челси,Лондон,2003,Энцо Мареска,42
Россия,Зенит,Санкт-Петербург,2002,Семак Сергей Богданович,74
Англия,Арсенал,Лондон,2020,Микель Артета,74
Испания,Атлетико,Мадрид,2014,Диего Симеоне,46
Англия,Манчестер Сити,Манчестер,2018,Пеп Гвардиола,28
Италия,Ювентус,Турин,2004,Игор Тудор,5
Италия,Интер,Милан,2010, Симоне Индзаги,42
Англия,Челси,Лондон,2001,Энцо Мареска,52
Германия,Бавария,Мюнхен,2004,Венсан Компани,39
Испания,Реал Мадрид,Мадрид,2012,Карло Анчелотти,47
Германия,Лейпциг,Лейпциг,2015,Жолт Лев,11
Германия,Боруссия,Дортмунд,2024,Нико Ковач,53
Испания,Атлетико,Мадрид,2003,Диего Симеоне,85
Россия,Спартак,Москва,2018,Деян Станкович,16
Германия,Боруссия,Дортмунд,2001,Нико Ковач,33
Италия,Ювентус,Турин,2008,Игор Тудор,16
Испания,Барселона,Барселона,2016,Ханс‑Дитер Флик,75
Россия,ЦСКА,Москва,2015,Марко Николич,49
Германия,Боруссия,Дортмунд,2020,Нико Ковач,94
Россия,Спартак,Москва,2011,Деян Станкович,12
Италия,Интер,Милан,2003, Симоне Индзаги,83
Италия,Ювентус,Турин,2017,Игор Тудор,20
Германия,Лейпциг,Лейпциг,2017,Жолт Лев,88
Италия,Ювентус,Турин,2000,Игор Тудор,60
Италия,Интер,Милан,2014, Симоне Индзаги,9
Англия,Челси,Лондон,2014,Энцо Мареска,6
Англия,Челси,Лондон,2024,Энцо Мареска,55
Испания,Реал Мадрид,Мадрид,2008,Карло Анчелотти,24
Россия,Зенит,Санкт-Петербург,2009,Семак Сергей Богданович,87
Италия,Милан,Милан,2013,Сержиу Консейсан,46
Италия,Интер,Милан,2025, Симоне Индзаги,0
Италия,Милан,Милан,2011,Сержиу Консейсан,49
Испания,Реал Мадрид,Мадрид,2001,Карло Анчелотти,18
Испания,Реал Мадрид,Мадрид,2021,Карло Анчелотти,69
Германия,Бавария,Мюнхен,2000,Венсан Компани,63
Россия,Зенит,Санкт-Петербург,2010,Семак Сергей Богданович,4
Италия,Интер,Милан,2011, Симоне Индзаги,41
Россия,Зенит,Санкт-Петербург,2006,Семак Сергей Богданович,16
Италия,Ювентус,Турин,2023,Игор Тудор,97
Испания,Атлетико,Мадрид,2024,Диего Симеоне,82
Англия,Челси,Лондон,2004,Энцо Мареска,58
Италия,Ювентус,Турин,2003,Игор Тудор,11
Италия,Ювентус,Турин,2009,Игор Тудор,43
Испания,Барселона,Барселона,2016,Ханс‑Дитер Флик,81
Англия,Арсенал,Лондон,2022,Микель Артета,43
Испания,Реал Мадрид,Мадрид,2017,Карло Анчелотти,81
Испания,Реал Мадрид,Мадрид,2025,Карло Анчелотти,32
Испания,Атлетико,Мадрид,2011,Диего Симеоне,17
Англия,Челси,Лондон,2022,Энцо Мареска,20
Испания,Реал Мадрид,Мадрид,2012,Карло Анчелотти,13
Италия,Ювентус,Турин,2011,Игор Тудор,67
Испания,Атлетико,Мадрид,2024,Диего Симеоне,5
Россия,Зенит,Санкт-Петербург,2001,Семак Сергей Богданович,72
Германия,Бавария,Мюнхен,2022,Венсан Компани,4
Россия,Зенит,Санкт-Петербург,2009,Семак Сергей Богданович,18
Англия,Манчестер Сити,Манчестер,2020,Пеп Гвардиола,22
Англия,Манчестер Сити,Манчестер,2009,Пеп Гвардиола,49
Испания,Барселона,Барселона,2018,Ханс‑Дитер Флик,4
Германия,Бавария,Мюнхен,2003,Венсан Компани,54
Испания,Барселона,Барселона,2019,Ханс‑Дитер Флик,62
Германия,Бавария,Мюнхен,2005,Венсан Компани,63
Италия,Интер,Милан,2017, Симоне Индзаги,48
Россия,ЦСКА,Москва,2016,Марко Николич,0
Италия,Ювентус,Турин,2024,Игор Тудор,36
Россия,Спартак,Москва,2019,Деян Станкович,62
Испания,Барселона,Барселона,2021,Ханс‑Дитер Флик,25
Испания,Атлетико,Мадрид,2008,Диего Симеоне,75
Германия,Боруссия,Дортмунд,2009,Нико Ковач,67
Англия,Арсенал,Лондон,2001,Микель Артета,30
Италия,Милан,Милан,2016,Сержиу Консейсан,62
Испания,Реал Мадрид,Мадрид,2003,Карло Анчелотти,56
Россия,ЦСКА,Москва,2014,Марко Николич,70
Италия,Ювентус,Турин,2012,Игор Тудор,33
Испания,Барселона,Барселона,2019,Ханс‑Дитер Флик,40
Россия,ЦСКА,Москва,2014,Марко Николич,67
Германия,Боруссия,Дортмунд,2010,Нико Ковач,58
Россия,Спартак,Москва,2012,Деян Станкович,41
Россия,Зенит,Санкт-Петербург,2007,Семак Сергей Богданович,44
Россия,Спартак,Москва,2018,Деян Станкович,100
Германия,Лейпциг,Лейпциг,2007,Жолт Лев,16
Англия,Челси,Лондон,2008,Энцо Мареска,38
Испания,Реал Мадрид,Мадрид,2023,Карло Анчелотти,28
Италия,Ювентус,Турин,2022,Игор Тудор,42
Испания,Барселона,Барселона,2022,Ханс‑Дитер Флик,91
Испания,Реал Мадрид,Мадрид,2007,Карло Анчелотти,5
Германия,Боруссия,Дортмунд,2023,Нико Ковач,7
Россия,ЦСКА,Москва,2018,Марко Николич,23
Италия,Ювентус,Турин,2022,Игор Тудор,81
Италия,Милан,Милан,2013,Сержиу Консейсан,0
Англия,Арсенал,Лондон,2018,Микель Артета,39
Англия,Арсенал,Лондон,2002,Микель Артета,58
Испания,Атлетико,Мадрид,2017,Диего Симеоне,26
Италия,Милан,Милан,2003,Сержиу Консейсан,25
Италия,Интер,Милан,2012, Симоне Индзаги,15
Англия,Манчестер Сити,Манчестер,2000,Пеп Гвардиола,46
Англия,Манчестер Сити,Манчестер,2015,Пеп Гвардиола,50
Россия,ЦСКА,Москва,2001,Марко Николич,92
Англия,Челси,Лондон,2008,Энцо Мареска,47
Германия,Боруссия,Дортмунд,2016,Нико Ковач,42
Россия,Зенит,Санкт-Петербург,2017,Семак Сергей Богданович,7
Испания,Атлетико,Мадрид,2015,Диего Симеоне,71
Италия,Ювентус,Турин,2024,Игор Тудор,77
Россия,ЦСКА,Москва,2007,Марко Николич,45
Англия,Арсенал,Лондон,2007,Микель Артета,19
Испания,Барселона,Барселона,2008,Ханс‑Дитер Флик,35
Италия,Ювентус,Турин,2019,Игор Тудор,43
Германия,Лейпциг,Лейпциг,2006,Жолт Лев,45
Англия,Арсенал,Лондон,2002,Микель Артета,27
Германия,Лейпциг,Лейпциг,2016,Жолт Лев,30
Англия,Арсенал,Лондон,2022,Микель Артета,6
Италия,Милан,Милан,2007,Сержиу Консейсан,33
Италия,Интер,Милан,2008, Симоне Индзаги,98
Италия,Интер,Милан,2013, Симоне Индзаги,77
Россия,Спартак,Москва,2024,Деян Станкович,18
Англия,Арсенал,Лондон,2010,Микель Артета,28
Англия,Челси,Лондон,2021,Энцо Мареска,55
Англия,Арсенал,Лондон,2015,Микель Артета,92
Германия,Боруссия,Дортмунд,2023,Нико Ковач,31
Италия,Милан,Милан,2012,Сержиу Консейсан,65
Италия,Интер,Милан,2008, Симоне Индзаги,5
Англия,Манчестер Сити,Манчестер,2022,Пеп Гвардиола,83
Россия,Спартак,Москва,2006,Деян Станкович,45
Италия,Интер,Милан,2014, Симоне Индзаги,98
Англия,Манчестер Сити,Манчестер,2009,Пеп Гвардиола,93
Италия,Интер,Милан,2005, Симоне Индзаги,80
Германия,Лейпциг,Лейпциг,2021,Жолт Лев,6
Англия,Челси,Лондон,2012,Энцо Мареска,48
Италия,Ювентус,Турин,2007,Игор Тудор,86
Испания,Барселона,Барселона,2009,Ханс‑Дитер Флик,19
Италия,Милан,Милан,2015,Сержиу Консейсан,91
Англия,Челси,Лондон,2004,Энцо Мареска,98
Англия,Челси,Лондон,2010,Энцо Мареска,64
Россия,Спартак,Москва,2017,Деян Станкович,39
Россия,Зенит,Санкт-Петербург,2009,Семак Сергей Богданович,4
Германия,Лейпциг,Лейпциг,2024,Жолт Лев,2
Испания,Атлетико,Мадрид,2019,Диего Симеоне,64
Германия,Боруссия,Дортмунд,2019,Нико Ковач,38
Испания,Атлетико,Мадрид,2012,Диего Симеоне,33
Англия,Манчестер Сити,Манчестер,2022,Пеп Гвардиола,45
Англия,Арсенал,Лондон,2000,Микель Артета,46
Россия,Спартак,Москва,2006,Деян Станкович,77
Германия,Лейпциг,Лейпциг,2010,Жолт Лев,43
Испания,Барселона,Барселона,2001,Ханс‑Дитер Флик,64
Германия,Лейпциг,Лейпциг,2000,Жолт Лев,54
Италия,Ювентус,Турин,2001,Игор Тудор,33
Англия,Челси,Лондон,2005,Энцо Мареска,5
Англия,Челси,Лондон,2024,Энцо Мареска,86
Германия,Боруссия,Дортмунд,2015,Нико Ковач,10
Италия,Ювентус,Турин,2017,Игор Тудор,62
Германия,Лейпциг,Лейпциг,2022,Жолт Лев,11
Германия,Боруссия,Дортмунд,2011,Нико Ковач,44
Россия,Зенит,Санкт-Петербург,2023,Семак Сергей Богданович,83
Англия,Арсенал,Лондон,2011,Микель Артета,87
Германия,Лейпциг,Лейпциг,2003,Жолт Лев,35
Германия,Лейпциг,Лейпциг,2016,Жолт Лев,39
Германия,Бавария,Мюнхен,2001,Венсан Компани,34
Италия,Милан,Милан,2005,Сержиу Консейсан,32
Англия,Челси,Лондон,2001,Энцо Мареска,2
Италия,Милан,Милан,2015,Сержиу Консейсан,3
Германия,Боруссия,Дортмунд,2022,Нико Ковач,57
Италия,Интер,Милан,2017, Симоне Индзаги,72
Англия,Челси,Лондон,2006,Энцо Мареска,20
Россия,Спартак,Москва,2001,Деян Станкович,100
Англия,Манчестер Сити,Манчестер,2018,Пеп Гвардиола,61
Россия,Спартак,Москва,2010,Деян Станкович,11
Италия,Интер,Милан,2006, Симоне Индзаги,61
Россия,Зенит,Санкт-Петербург,2010,Семак Сергей Богданович,8
Италия,Интер,Милан,2000, Симоне Индзаги,60
Россия,Зенит,Санкт-Петербург,2006,Семак Сергей Богданович,99
Италия,Ювентус,Турин,2000,Игор Тудор,12
Испания,Атлетико,Мадрид,2003,Диего Симеоне,76
Россия,Спартак,Москва,2022,Деян Станкович,60
Англия,Арсенал,Лондон,2012,Микель Артета,25
Германия,Лейпциг,Лейпциг,2021,Жолт Лев,42
Испания,Реал Мадрид,Мадрид,2011,Карло Анчелотти,12
Россия,Спартак,Москва,2002,Деян Станкович,85
Германия,Боруссия,Дортмунд,2015,Нико Ковач,12
Италия,Интер,Милан,2007, Симоне Индзаги,49
Англия,Челси,Лондон,2022,Энцо Мареска,46
Италия,Интер,Милан,2018, Симоне Индзаги,52
Испания,Реал Мадрид,Мадрид,2025,Карло Анчелотти,73
Россия,ЦСКА,Москва,2020,Марко Николич,93
Россия,Зенит,Санкт-Петербург,2004,Семак Сергей Богданович,30
Россия,Зенит,Санкт-Петербург,2003,Семак Сергей Богданович,25
Испания,Барселона,Барселона,2013,Ханс‑Дитер Флик,44
Италия,Интер,Милан,2010, Симоне Индзаги,89
Испания,Барселона,Барселона,2016,Ханс‑Дитер Флик,89
Италия,Интер,Милан,2015, Симоне Индзаги,98
Россия,Зенит,Санкт-Петербург,2015,Семак Сергей Богданович,14
Англия,Манчестер Сити,Манчестер,2025,Пеп Гвардиола,14
Россия,Спартак,Москва,2012,Деян Станкович,19
Германия,Боруссия,Дортмунд,2004,Нико Ковач,52
Испания,Барселона,Барселона,2016,Ханс‑Дитер Флик,48
Италия,Милан,Милан,2022,Сержиу Консейсан,34
Россия,ЦСКА,Москва,2012,Марко Николич,6
Англия,Манчестер Сити,Манчестер,2002,Пеп Гвардиола,69
Германия,Бавария,Мюнхен,2023,Венсан Компани,48
Италия,Ювентус,Турин,2000,Игор Тудор,96
Германия,Лейпциг,Лейпциг,2005,Жолт Лев,62
Англия,Манчестер Сити,Манчестер,2018,Пеп Гвардиола,83
Англия,Манчестер Сити,Манчестер,2008,Пеп Гвардиола,61
Италия,Интер,Милан,2005, Симоне Индзаги,16
Россия,Спартак,Москва,2001,Деян Станкович,52
Испания,Реал Мадрид,Мадрид,2005,Карло Анчелотти,29
Италия,Милан,Милан,2009,Сержиу Консейсан,64
Германия,Боруссия,Дортмунд,2016,Нико Ковач,89
Италия,Милан,Милан,2019,Сержиу Консейсан,36
Россия,Спартак,Москва,2022,Деян Станкович,73
Италия,Интер,Милан,2000, Симоне Индзаги,21
Англия,Манчестер Сити,Манчестер,2003,Пеп Гвардиола,52
Испания,Барселона,Барселона,2001,Ханс‑Дитер Флик,37
Россия,Спартак,Москва,2011,Деян Станкович,2
Англия,Манчестер Сити,Манчестер,2000,Пеп Гвардиола,61
Италия,Ювентус,Турин,2023,Игор Тудор,71
Испания,Атлетико,Мадрид,2023,Диего Симеоне,4
Англия,Арсенал,Лондон,2021,Микель Артета,54
Италия,Милан,Милан,2010,Сержиу Консейсан,40
Испания,Барселона,Барселона,2014,Ханс‑Дитер Флик,36
Германия,Лейпциг,Лейпциг,2000,Жолт Лев,68
Россия,Зенит,Санкт-Петербург,2007,Семак Сергей Богданович,9
Италия,Милан,Милан,2012,Сержиу Консейсан,83
Германия,Лейпциг,Лейпциг,2006,Жолт Лев,63
Испания,Атлетико,Мадрид,2000,Диего Симеоне,42
Испания,Барселона,Барселона,2015,Ханс‑Дитер Флик,17
Италия,Милан,Милан,2007,Сержиу Консейсан,6
Испания,Барселона,Барселона,2021,Ханс‑Дитер Флик,85
Англия,Челси,Лондон,2020,Энцо Мареска,70
Россия,Зенит,Санкт-Петербург,2002,Семак Сергей Богданович,16
Италия,Интер,Милан,2014, Симоне Индзаги,13
Италия,Интер,Милан,2024, Симоне Индзаги,53
Испания,Барселона,Барселона,2016,Ханс‑Дитер Флик,65
Англия,Челси,Лондон,2001,Энцо Мареска,35
Испания,Барселона,Барселона,2010,Ханс‑Дитер Флик,60
Испания,Атлетико,Мадрид,2021,Диего Симеоне,23
Италия,Интер,Милан,2010, Симоне Индзаги,29
Испания,Барселона,Барселона,2001,Ханс‑Дитер Флик,49
Россия,Зенит,Санкт-Петербург,2000,Семак Сергей Богданович,61
Италия,Ювентус,Турин,2004,Игор Тудор,59
Россия,Зенит,Санкт-Петербург,2004,Семак Сергей Богданович,75
Германия,Бавария,Мюнхен,2020,Венсан Компани,83
Россия,Зенит,Санкт-Петербург,2007,Семак Сергей Богданович,47
Италия,Интер,Милан,2023, Симоне Индзаги,77
Германия,Бавария,Мюнхен,2019,Венсан Компани,95
Германия,Боруссия,Дортмунд,2024,Нико Ковач,18
Россия,Зенит,Санкт-Петербург,2000,Семак Сергей Богданович,66
Англия,Манчестер Сити,Манчестер,2017,Пеп Гвардиола,45
Россия,Зенит,Санкт-Петербург,2008,Семак Сергей Богданович,20
Россия,ЦСКА,Москва,2010,Марко Николич,86
Италия,Милан,Милан,2014,Сержиу Консейсан,23
Германия,Лейпциг,Лейпциг,2008,Жолт Лев,58
Германия,Бавария,Мюнхен,2010,Венсан Компани,53
Англия,Манчестер Сити,Манчестер,2012,Пеп Гвардиола,46
Испания,Атлетико,Мадрид,2002,Диего Симеоне,9
Италия,Милан,Милан,2017,Сержиу Консейсан,97
Италия,Ювентус,Турин,2010,Игор Тудор,31
Испания,Барселона,Барселона,2000,Ханс‑Дитер Флик,76
Италия,Интер,Милан,2005, Симоне Индзаги,41
Испания,Атлетико,Мадрид,2017,Диего Симеоне,7
Россия,Спартак,Москва,2005,Деян Станкович,85
Италия,Ювентус,Турин,2012,Игор Тудор,90
Россия,ЦСКА,Москва,2010,Марко Николич,17
Италия,Интер,Милан,2012, Симоне Индзаги,52
Англия,Челси,Лондон,2025,Энцо Мареска,55
Англия,Манчестер Сити,Манчестер,2005,Пеп Гвардиола,24
Испания,Реал Мадрид,Мадрид,2010,Карло Анчелотти,18
Россия,Зенит,Санкт-Петербург,2015,Семак Сергей Богданович,98
Германия,Бавария,Мюнхен,2022,Венсан Компани,24
Италия,Милан,Милан,2023,Сержиу Консейсан,41
Испания,Атлетико,Мадрид,2015,Диего Симеоне,61
Испания,Барселона,Барселона,2008,Ханс‑Дитер Флик,51
Россия,Спартак,Москва,2022,Деян Станкович,71
Германия,Бавария,Мюнхен,2014,Венсан Компани,33
Испания,Барселона,Барселона,2001,Ханс‑Дитер Флик,18
Италия,Интер,Милан,2012, Симоне Индзаги,83
Германия,Лейпциг,Лейпциг,2005,Жолт Лев,66
Россия,ЦСКА,Москва,2008,Марко Николич,31
Англия,Челси,Лондон,2002,Энцо Мареска,87
Россия,ЦСКА,Москва,2004,Марко Николич,51
Италия,Милан,Милан,2000,Сержиу Консейсан,27
Италия,Ювентус,Турин,2019,Игор Тудор,72
Германия,Бавария,Мюнхен,2022,Венсан Компани,50
Россия,ЦСКА,Москва,2007,Марко Николич,28
Испания,Реал Мадрид,Мадрид,2023,Карло Анчелотти,74
Италия,Ювентус,Турин,2004,Игор Тудор,75
Испания,Атлетико,Мадрид,2011,Диего Симеоне,2
Англия,Манчестер Сити,Манчестер,2019,Пеп Гвардиола,46
Испания,Барселона,Барселона,2003,Ханс‑Дитер Флик,34
Италия,Милан,Милан,2008,Сержиу Консейсан,90
Италия,Интер,Милан,2018, Симоне Индзаги,71
Россия,Зенит,Санкт-Петербург,2014,Семак Сергей Богданович,24
Германия,Боруссия,Дортмунд,2023,Нико Ковач,89
Германия,Лейпциг,Лейпциг,2017,Жолт Лев,20
Италия,Ювентус,Турин,2022,Игор Тудор,62
Испания,Барселона,Барселона,2017,Ханс‑Дитер Флик,43
Испания,Барселона,Барселона,2013,Ханс‑Дитер Флик,45
Россия,Спартак,Москва,2001,Деян Станкович,51
Россия,Зенит,Санкт-Петербург,2016,Семак Сергей Богданович,14
Италия,Милан,Милан,2009,Сержиу Консейсан,20
Россия,Зенит,Санкт-Петербург,2007,Семак Сергей Богданович,93
Россия,Спартак,Москва,2003,Деян Станкович,27
Испания,Реал Мадрид,Мадрид,2022,Карло Анчелотти,68
Испания,Реал Мадрид,Мадрид,2011,Карло Анчелотти,38
Испания,Атлетико,Мадрид,2004,Диего Симеоне,6
Италия,Милан,Милан,2021,Сержиу Консейсан,84
Англия,Манчестер Сити,Манчестер,2012,Пеп Гвардиола,52
Испания,Реал Мадрид,Мадрид,2018,Карло Анчелотти,29
Италия,Интер,Милан,2013, Симоне Индзаги,92
Италия,Интер,Милан,2008, Симоне Индзаги,40
Англия,Арсенал,Лондон,2004,Микель Артета,75
Италия,Интер,Милан,2000, Симоне Индзаги,55
Италия,Ювентус,Турин,2017,Игор Тудор,85
Англия,Челси,Лондон,2015,Энцо Мареска,41
Испания,Барселона,Барселона,2016,Ханс‑Дитер Флик,63
Испания,Барселона,Барселона,2009,Ханс‑Дитер Флик,15
Германия,Лейпциг,Лейпциг,2025,Жолт Лев,24
Англия,Арсенал,Лондон,2003,Микель Артета,18
Италия,Интер,Милан,2019, Симоне Индзаги,99
Италия,Ювентус,Турин,2015,Игор Тудор,20
Англия,Челси,Лондон,2004,Энцо Мареска,7
Испания,Атлетико,Мадрид,2018,Диего Симеоне,91
Италия,Милан,Милан,2017,Сержиу Консейсан,35
Германия,Лейпциг,Лейпциг,2022,Жолт Лев,37
Англия,Арсенал,Лондон,2007,Микель Артета,43
Италия,Милан,Милан,2009,Сержиу Консейсан,0
Италия,Ювентус,Турин,2003,Игор Тудор,6
Германия,Лейпциг,Лейпциг,2005,Жолт Лев,33
Испания,Реал Мадрид,Мадрид,2000,Карло Анчелотти,36
Англия,Арсенал,Лондон,2024,Микель Артета,76
Россия,Спартак,Москва,2018,Деян Станкович,70
Испания,Барселона,Барселона,2014,Ханс‑Дитер Флик,35
Италия,Милан,Милан,2020,Сержиу Консейсан,12
Россия,Зенит,Санкт-Петербург,2002,Семак Сергей Богданович,85
Россия,ЦСКА,Москва,2003,Марко Николич,20
Россия,Спартак,Москва,2016,Деян Станкович,38
Испания,Атлетико,Мадрид,2024,Диего Симеоне,90
Англия,Манчестер Сити,Манчестер,2020,Пеп Гвардиола,0
Италия,Ювентус,Турин,2025,Игор Тудор,31
Испания,Атлетико,Мадрид,2012,Диего Симеоне,13
Испания,Реал Мадрид,Мадрид,2024,Карло Анчелотти,0
Германия,Боруссия,Дортмунд,2025,Нико Ковач,78
Италия,Интер,Милан,2010, Симоне Индзаги,80
Италия,Ювентус,Турин,2004,Игор Тудор,81
Англия,Арсенал,Лондон,2004,Микель Артета,77
Россия,Спартак,Москва,2019,Деян Станкович,33
Испания,Реал Мадрид,Мадрид,2021,Карло Анчелотти,11
Германия,Бавария,Мюнхен,2015,Венсан Компани,32
Германия,Боруссия,Дортмунд,2020,Нико Ковач,96
Германия,Лейпциг,Лейпциг,2019,Жолт Лев,19
Италия,Ювентус,Турин,2003,Игор Тудор,23
Германия,Лейпциг,Лейпциг,2011,Жолт Лев,49
Испания,Реал Мадрид,Мадрид,2025,Карло Анчелотти,98
Испания,Барселона,Барселона,2017,Ханс‑Дитер Флик,65
Англия,Арсенал,Лондон,2001,Микель Артета,57
Россия,ЦСКА,Москва,2021,Марко Николич,5
Испания,Барселона,Барселона,2012,Ханс‑Дитер Флик,20
Италия,Ювентус,Турин,2004,Игор Тудор,91
Англия,Арсенал,Лондон,2008,Микель Артета,5
Германия,Боруссия,Дортмунд,2011,Нико Ковач,55
Англия,Челси,Лондон,2023,Энцо Мареска,94
Англия,Челси,Лондон,2003,Энцо Мареска,98
Испания,Барселона,Барселона,2019,Ханс‑Дитер Флик,63
Испания,Атлетико,Мадрид,2012,Диего Симеоне,71
Германия,Лейпциг,Лейпциг,2012,Жолт Лев,55
Англия,Манчестер Сити,Манчестер,2001,Пеп Гвардиола,2
Испания,Барселона,Барселона,2000,Ханс‑Дитер Флик,60
Англия,Челси,Лондон,2001,Энцо Мареска,32
Италия,Милан,Милан,2025,Сержиу Консейсан,11
Италия,Ювентус,Турин,2004,Игор Тудор,31
Россия,ЦСКА,Москва,2013,Марко Николич,15
Италия,Милан,Милан,2000,Сержиу Консейсан,92
Испания,Реал Мадрид,Мадрид,2007,Карло Анчелотти,69
Испания,Барселона,Барселона,2006,Ханс‑Дитер Флик,15
Россия,ЦСКА,Москва,2015,Марко Николич,62
Германия,Бавария,Мюнхен,2020,Венсан Компани,73
Англия,Арсенал,Лондон,2020,Микель Артета,69
Германия,Боруссия,Дортмунд,2004,Нико Ковач,36
Англия,Челси,Лондон,2005,Энцо Мареска,35
Германия,Бавария,Мюнхен,2012,Венсан Компани,74
Англия,Арсенал,Лондон,2019,Микель Артета,79
Англия,Челси,Лондон,2004,Энцо Мареска,8
Италия,Интер,Милан,2015, Симоне Индзаги,28
Англия,Манчестер Сити,Манчестер,2005,Пеп Гвардиола,97
Россия,Зенит,Санкт-Петербург,2010,Семак Сергей Богданович,28
Англия,Манчестер Сити,Манчестер,2005,Пеп Гвардиола,36
Германия,Бавария,Мюнхен,2018,Венсан Компани,59
Россия,Зенит,Санкт-Петербург,2016,Семак Сергей Богданович,17
Германия,Лейпциг,Лейпциг,2016,Жолт Лев,36
Германия,Бавария,Мюнхен,2001,Венсан Компани,54
Италия,Ювентус,Турин,2018,Игор Тудор,56
Испания,Барселона,Барселона,2015,Ханс‑Дитер Флик,94
Германия,Бавария,Мюнхен,2025,Венсан Компани,53
Россия,Зенит,Санкт-Петербург,2001,Семак Сергей Богданович,69
Англия,Арсенал,Лондон,2005,Микель Артета,68
Испания,Барселона,Барселона,2002,Ханс‑Дитер Флик,49
Италия,Ювентус,Турин,2017,Игор Тудор,75
Англия,Челси,Лондон,2021,Энцо Мареска,54
Италия,Ювентус,Турин,2000,Игор Тудор,66
Англия,Манчестер Сити,Манчестер,2001,Пеп Гвардиола,99
Англия,Челси,Лондон,2004,Энцо Мареска,56
Россия,Спартак,Москва,2004,Деян Станкович,97
Италия,Интер,Милан,2006, Симоне Индзаги,83
Италия,Ювентус,Турин,2023,Игор Тудор,49
Италия,Ювентус,Турин,2011,Игор Тудор,8
Германия,Боруссия,Дортмунд,2025,Нико Ковач,46
Италия,Ювентус,Турин,2003,Игор Тудор,1
Англия,Челси,Лондон,2024,Энцо Мареска,50
Испания,Барселона,Барселона,2002,Ханс‑Дитер Флик,54
Англия,Челси,Лондон,2016,Энцо Мареска,19
Англия,Манчестер Сити,Манчестер,2010,Пеп Гвардиола,30
Германия,Боруссия,Дортмунд,2016,Нико Ковач,44
Италия,Ювентус,Турин,2017,Игор Тудор,63
Россия,ЦСКА,Москва,2017,Марко Николич,23
Италия,Милан,Милан,2009,Сержиу Консейсан,92
Германия,Лейпциг,Лейпциг,2000,Жолт Лев,83
Англия,Манчестер Сити,Манчестер,2000,Пеп Гвардиола,24
Англия,Челси,Лондон,2020,Энцо Мареска,9
Англия,Манчестер Сити,Манчестер,2020,Пеп Гвардиола,61
Италия,Интер,Милан,2004, Симоне Индзаги,25
Россия,Спартак,Москва,2005,Деян Станкович,38
Испания,Реал Мадрид,Мадрид,2016,Карло Анчелотти,86
Испания,Барселона,Барселона,2014,Ханс‑Дитер Флик,2
Англия,Челси,Лондон,2010,Энцо Мареска,70
Италия,Милан,Милан,2007,Сержиу Консейсан,50
Италия,Ювентус,Турин,2012,Игор Тудор,67
Германия,Бавария,Мюнхен,2020,Венсан Компани,94
Англия,Манчестер Сити,Манчестер,2004,Пеп Гвардиола,50
Германия,Боруссия,Дортмунд,2002,Нико Ковач,62
Испания,Атлетико,Мадрид,2001,Диего Симеоне,61
Италия,Милан,Милан,2015,Сержиу Консейсан,37
Германия,Боруссия,Дортмунд,2005,Нико Ковач,0
Италия,Ювентус,Турин,2011,Игор Тудор,84
Испания,Атлетико,Мадрид,2010,Диего Симеоне,5
Англия,Манчестер Сити,Манчестер,2007,Пеп Гвардиола,5
Испания,Барселона,Барселона,2006,Ханс‑Дитер Флик,85
Англия,Манчестер Сити,Манчестер,2011,Пеп Гвардиола,26
Италия,Ювентус,Турин,2023,Игор Тудор,23
Испания,Реал Мадрид,Мадрид,2025,Карло Анчелотти,42
Италия,Ювентус,Турин,2022,Игор Тудор,68
Германия,Боруссия,Дортмунд,2024,Нико Ковач,1
Испания,Атлетико,Мадрид,2022,Диего Симеоне,34
Испания,Реал Мадрид,Мадрид,2007,Карло Анчелотти,84
Россия,Зенит,Санкт-Петербург,2006,Семак Сергей Богданович,26
Италия,Милан,Милан,2023,Сержиу Консейсан,31
Россия,Спартак,Москва,2017,Деян Станкович,78
Россия,ЦСКА,Москва,2023,Марко Николич,95
Испания,Барселона,Барселона,2022,Ханс‑Дитер Флик,85
Германия,Лейпциг,Лейпциг,2020,Жолт Лев,89
Германия,Боруссия,Дортмунд,2012,Нико Ковач,6
Италия,Интер,Милан,2004, Симоне Индзаги,62
Россия,ЦСКА,Москва,2020,Марко Николич,100
Испания,Барселона,Барселона,2009,Ханс‑Дитер Флик,81
Россия,Зенит,Санкт-Петербург,2008,Семак Сергей Богданович,66
Россия,Зенит,Санкт-Петербург,2016,Семак Сергей Богданович,92
Россия,Зенит,Санкт-Петербург,2007,Семак Сергей Богданович,39
Испания,Реал Мадрид,Мадрид,2020,Карло Анчелотти,19
Италия,Интер,Милан,2018, Симоне Индзаги,39
Англия,Челси,Лондон,2005,Энцо Мареска,23
Англия,Челси,Лондон,2015,Энцо Мареска,10
Англия,Челси,Лондон,2011,Энцо Мареска,50
Испания,Атлетико,Мадрид,2013,Диего Симеоне,29
Германия,Лейпциг,Лейпциг,2009,Жолт Лев,62
Италия,Милан,Милан,2010,Сержиу Консейсан,53
Германия,Бавария,Мюнхен,2012,Венсан Компани,59
Италия,Интер,Милан,2003, Симоне Индзаги,42
Италия,Милан,Милан,2021,Сержиу Консейсан,83
Италия,Милан,Милан,2002,Сержиу Консейсан,43
Россия,Зенит,Санкт-Петербург,2012,Семак Сергей Богданович,98
Германия,Лейпциг,Лейпциг,2023,Жолт Лев,45
Германия,Лейпциг,Лейпциг,2022,Жолт Лев,97
Россия,Зенит,Санкт-Петербург,2006,Семак Сергей Богданович,68
Испания,Атлетико,Мадрид,2022,Диего Симеоне,89
Испания,Атлетико,Мадрид,2001,Диего Симеоне,53
Германия,Боруссия,Дортмунд,2014,Нико Ковач,88
Германия,Бавария,Мюнхен,2006,Венсан Компани,53
Германия,Бавария,Мюнхен,2000,Венсан Компани,72
Англия,Арсенал,Лондон,2017,Микель Артета,83
Италия,Интер,Милан,2002, Симоне Индзаги,58
Италия,Интер,Милан,2014, Симоне Индзаги,93
Германия,Боруссия,Дортмунд,2004,Нико Ковач,100
Испания,Реал Мадрид,Мадрид,2011,Карло Анчелотти,83
Германия,Бавария,Мюнхен,2001,Венсан Компани,10
Испания,Атлетико,Мадрид,2020,Диего Симеоне,90
Италия,Ювентус,Турин,2011,Игор Тудор,49
Россия,ЦСКА,Москва,2000,Марко Николич,87
Германия,Боруссия,Дортмунд,2018,Нико Ковач,29
Германия,Бавария,Мюнхен,2006,Венсан Компани,11
Испания,Барселона,Барселона,2003,Ханс‑Дитер Флик,64
Италия,Милан,Милан,2022,Сержиу Консейсан,63
Россия,Зенит,Санкт-Петербург,2021,Семак Сергей Богданович,45
Германия,Боруссия,Дортмунд,2007,Нико Ковач,24
Италия,Милан,Милан,2002,Сержиу Консейсан,25
Англия,Арсенал,Лондон,2025,Микель Артета,19
Италия,Интер,Милан,2018, Симоне Индзаги,6
Италия,Ювентус,Турин,2002,Игор Тудор,93
Россия,Зенит,Санкт-Петербург,2020,Семак Сергей Богданович,51
Германия,Лейпциг,Лейпциг,2002,Жолт Лев,98
Испания,Атлетико,Мадрид,2020,Диего Симеоне,55
Германия,Лейпциг,Лейпциг,2002,Жолт Лев,84
Испания,Барселона,Барселона,2013,Ханс‑Дитер Флик,51
Германия,Боруссия,Дортмунд,2021,Нико Ковач,3
Испания,Барселона,Барселона,2003,Ханс‑Дитер Флик,54
Италия,Ювентус,Турин,2014,Игор Тудор,66
Испания,Атлетико,Мадрид,2018,Диего Симеоне,69
Германия,Бавария,Мюнхен,2000,Венсан Компани,47
Италия,Интер,Милан,2016, Симоне Индзаги,27
Италия,Интер,Милан,2006, Симоне Индзаги,36
Англия,Арсенал,Лондон,2017,Микель Артета,18
Германия,Лейпциг,Лейпциг,2013,Жолт Лев,34
Италия,Ювентус,Турин,2019,Игор Тудор,84
Германия,Боруссия,Дортмунд,2001,Нико Ковач,37
Россия,ЦСКА,Москва,2024,Марко Николич,36
Россия,Зенит,Санкт-Петербург,2022,Семак Сергей Богданович,57
Россия,Спартак,Москва,2013,Деян Станкович,89
Испания,Реал Мадрид,Мадрид,2011,Карло Анчелотти,68
Англия,Арсенал,Лондон,2002,Микель Артета,100
Англия,Челси,Лондон,2007,Энцо Мареска,70
Германия,Лейпциг,Лейпциг,2016,Жолт Лев,76
Испания,Реал Мадрид,Мадрид,2019,Карло Анчелотти,34
Германия,Бавария,Мюнхен,2002,Венсан Компани,25
Испания,Реал Мадрид,Мадрид,2020,Карло Анчелотти,38
Россия,Спартак,Москва,2020,Деян Станкович,15
Англия,Манчестер Сити,Манчестер,2025,Пеп Гвардиола,35
Россия,Спартак,Москва,2024,Деян Станкович,27
Испания,Реал Мадрид,Мадрид,2016,Карло Анчелотти,63
Италия,Милан,Милан,2017,Сержиу Консейсан,44
Италия,Ювентус,Турин,2008,Игор Тудор,13
Россия,Зенит,Санкт-Петербург,2014,Семак Сергей Богданович,82
Россия,Спартак,Москва,2022,Деян Станкович,58
Россия,Зенит,Санкт-Петербург,2012,Семак Сергей Богданович,40
Испания,Атлетико,Мадрид,2015,Диего Симеоне,45
Испания,Барселона,Барселона,2019,Ханс‑Дитер Флик,54
Англия,Челси,Лондон,2006,Энцо Мареска,32
Россия,Спартак,Москва,2001,Деян Станкович,66
Испания,Атлетико,Мадрид,2000,Диего Симеоне,31
Испания,Реал Мадрид,Мадрид,2003,Карло Анчелотти,24
Италия,Милан,Милан,2022,Сержиу Консейсан,73
Англия,Арсенал,Лондон,2003,Микель Артета,9
Германия,Боруссия,Дортмунд,2019,Нико Ковач,40
Италия,Ювентус,Турин,2019,Игор Тудор,21
Испания,Реал Мадрид,Мадрид,2016,Карло Анчелотти,43
Германия,Боруссия,Дортмунд,2013,Нико Ковач,73
Испания,Барселона,Барселона,2001,Ханс‑Дитер Флик,21
Англия,Арсенал,Лондон,2020,Микель Артета,68
Англия,Арсенал,Лондон,2004,Микель Артета,54
Италия,Милан,Милан,2022,Сержиу Консейсан,15
Италия,Милан,Милан,2012,Сержиу Консейсан,23
Англия,Манчестер Сити,Манчестер,2016,Пеп Гвардиола,26
Испания,Атлетико,Мадрид,2017,Диего Симеоне,84
Германия,Бавария,Мюнхен,2018,Венсан Компани,87
Испания,Атлетико,Мадрид,2025,Диего Симеоне,48
Англия,Челси,Лондон,2002,Энцо Мареска,72
Испания,Атлетико,Мадрид,2007,Диего Симеоне,6
Англия,Манчестер Сити,Манчестер,2022,Пеп Гвардиола,74
Испания,Реал Мадрид,Мадрид,2015,Карло Анчелотти,22
Англия,Челси,Лондон,2021,Энцо Мареска,27
Испания,Атлетико,Мадрид,2000,Диего Симеоне,46
Германия,Бавария,Мюнхен,2021,Венсан Компани,89
Германия,Лейпциг,Лейпциг,2013,Жолт Лев,3
Испания,Барселона,Барселона,2008,Ханс‑Дитер Флик,11
Германия,Лейпциг,Лейпциг,2023,Жолт Лев,14
Испания,Барселона,Барселона,2008,Ханс‑Дитер Флик,85
Россия,Зенит,Санкт-Петербург,2007,Семак Сергей Богданович,84
Испания,Барселона,Барселона,2012,Ханс‑Дитер Флик,44
Германия,Лейпциг,Лейпциг,2008,Жолт Лев,88
Испания,Реал Мадрид,Мадрид,2020,Карло Анчелотти,64
Италия,Ювентус,Турин,2018,Игор Тудор,15
Россия,Спартак,Москва,2013,Деян Станкович,8
Германия,Бавария,Мюнхен,2020,Венсан Компани,28
Германия,Боруссия,Дортмунд,2011,Нико Ковач,27
Россия,ЦСКА,Москва,2022,Марко Николич,53
Россия,Зенит,Санкт-Петербург,2000,Семак Сергей Богданович,26
Англия,Челси,Лондон,2013,Энцо Мареска,38
Италия,Милан,Милан,2006,Сержиу Консейсан,49
Германия,Боруссия,Дортмунд,2012,Нико Ковач,39
Германия,Боруссия,Дортмунд,2024,Нико Ковач,36
Италия,Ювентус,Турин,2007,Игор Тудор,5
Испания,Реал Мадрид,Мадрид,2010,Карло Анчелотти,4
Испания,Атлетико,Мадрид,2007,Диего Симеоне,60
Италия,Милан,Милан,2014,Сержиу Консейсан,30
Италия,Ювентус,Турин,2022,Игор Тудор,25
Англия,Челси,Лондон,2021,Энцо Мареска,69
Россия,Спартак,Москва,2007,Деян Станкович,50
Англия,Манчестер Сити,Манчестер,2002,Пеп Гвардиола,48
Германия,Боруссия,Дортмунд,2007,Нико Ковач,55
Италия,Милан,Милан,2016,Сержиу Консейсан,71
Германия,Бавария,Мюнхен,2001,Венсан Компани,66
Россия,ЦСКА,Москва,2012,Марко Николич,44
Испания,Атлетико,Мадрид,2010,Диего Симеоне,73
Испания,Барселона,Барселона,2017,Ханс‑Дитер Флик,16
Англия,Арсенал,Лондон,2008,Микель Артета,87
Германия,Бавария,Мюнхен,2014,Венсан Компани,67
Италия,Ювентус,Турин,2017,Игор Тудор,78
Италия,Милан,Милан,2012,Сержиу Консейсан,43
Германия,Бавария,Мюнхен,2001,Венсан Компани,29
Испания,Барселона,Барселона,2011,Ханс‑Дитер Флик,10
Россия,Спартак,Москва,2017,Деян Станкович,55
Испания,Барселона,Барселона,2010,Ханс‑Дитер Флик,51
Россия,ЦСКА,Москва,2001,Марко Николич,62
Англия,Манчестер Сити,Манчестер,2004,Пеп Гвардиола,52
Италия,Интер,Милан,2012, Симоне Индзаги,51
Испания,Реал Мадрид,Мадрид,2003,Карло Анчелотти,78
Германия,Бавария,Мюнхен,2013,Венсан Компани,94
Россия,Спартак,Москва,2019,Деян Станкович,26
Испания,Реал Мадрид,Мадрид,2010,Карло Анчелотти,85
Италия,Ювентус,Турин,2001,Игор Тудор,48
Россия,ЦСКА,Москва,2014,Марко Николич,96
Германия,Бавария,Мюнхен,2007,Венсан Компани,100
Россия,Зенит,Санкт-Петербург,2012,Семак Сергей Богданович,72
Испания,Барселона,Барселона,2005,Ханс‑Дитер Флик,44
Италия,Милан,Милан,2019,Сержиу Консейсан,96
Италия,Интер,Милан,2014, Симоне Индзаги,24
Россия,Спартак,Москва,2022,Деян Станкович,94
Испания,Атлетико,Мадрид,2000,Диего Симеоне,4
Испания,Атлетико,Мадрид,2015,Диего Симеоне,32
Россия,Спартак,Москва,2018,Деян Станкович,20
Испания,Атлетико,Мадрид,2017,Диего Симеоне,11
Италия,Милан,Милан,2007,Сержиу Консейсан,96
Италия,Интер,Милан,2008, Симоне Индзаги,79
Германия,Боруссия,Дортмунд,2023,Нико Ковач,100
Англия,Манчестер Сити,Манчестер,2002,Пеп Гвардиола,53
Германия,Бавария,Мюнхен,2008,Венсан Компани,51
Россия,Спартак,Москва,2010,Деян Станкович,7
Испания,Барселона,Барселона,2007,Ханс‑Дитер Флик,56
Германия,Лейпциг,Лейпциг,2017,Жолт Лев,50
Германия,Бавария,Мюнхен,2008,Венсан Компани,65
Испания,Атлетико,Мадрид,2002,Диего Симеоне,7
Италия,Интер,Милан,2014, Симоне Индзаги,91
Италия,Интер,Милан,2009, Симоне Индзаги,20
Италия,Интер,Милан,2012, Симоне Индзаги,45
Россия,ЦСКА,Москва,2020,Марко Николич,64
Англия,Манчестер Сити,Манчестер,2006,Пеп Гвардиола,60
Англия,Челси,Лондон,2018,Энцо Мареска,50
Италия,Милан,Милан,2022,Сержиу Консейсан,44
Германия,Лейпциг,Лейпциг,2009,Жолт Лев,70
Италия,Ювентус,Турин,2000,Игор Тудор,20
Россия,ЦСКА,Москва,2015,Марко Николич,75
Германия,Бавария,Мюнхен,2004,Венсан Компани,53
Германия,Боруссия,Дортмунд,2025,Нико Ковач,41
Англия,Челси,Лондон,2012,Энцо Мареска,43
Англия,Манчестер Сити,Манчестер,2019,Пеп Гвардиола,40
Англия,Челси,Лондон,2005,Энцо Мареска,9
Англия,Арсенал,Лондон,2010,Микель Артета,14
Германия,Боруссия,Дортмунд,2009,Нико Ковач,79
Англия,Арсенал,Лондон,2010,Микель Артета,49
Италия,Милан,Милан,2016,Сержиу Консейсан,100
Германия,Бавария,Мюнхен,2011,Венсан Компани,90
Италия,Интер,Милан,2024, Симоне Индзаги,29
Италия,Милан,Милан,2024,Сержиу Консейсан,54
Англия,Манчестер Сити,Манчестер,2007,Пеп Гвардиола,98
Испания,Атлетико,Мадрид,2016,Диего Симеоне,18
Россия,Спартак,Москва,2014,Деян Станкович,63
Россия,Зенит,Санкт-Петербург,2013,Семак Сергей Богданович,93
Англия,Манчестер Сити,Манчестер,2003,Пеп Гвардиола,98
Россия,Спартак,Москва,2017,Деян Станкович,16
Россия,ЦСКА,Москва,2013,Марко Николич,81
Англия,Арсенал,Лондон,2004,Микель Артета,13
Англия,Арсенал,Лондон,2019,Микель Артета,26
Испания,Реал Мадрид,Мадрид,2021,Карло Анчелотти,26
Германия,Бавария,Мюнхен,2005,Венсан Компани,7
Россия,ЦСКА,Москва,2010,Марко Николич,59
Италия,Ювентус,Турин,2011,Игор Тудор,74
Россия,Спартак,Москва,2008,Деян Станкович,82
Германия,Бавария,Мюнхен,2021,Венсан Компани,75
Италия,Ювентус,Турин,2011,Игор Тудор,92
Англия,Манчестер Сити,Манчестер,2005,Пеп Гвардиола,1
Англия,Челси,Лондон,2011,Энцо Мареска,100
Испания,Барселона,Барселона,2021,Ханс‑Дитер Флик,91
Италия,Ювентус,Турин,2001,Игор Тудор,65
Россия,ЦСКА,Москва,2004,Марко Николич,13
Россия,Зенит,Санкт-Петербург,2001,Семак Сергей Богданович,31
Россия,ЦСКА,Москва,2007,Марко Николич,73
Испания,Атлетико,Мадрид,2013,Диего Симеоне,9
Англия,Арсенал,Лондон,2012,Микель Артета,69
Германия,Бавария,Мюнхен,2021,Венсан Компани,59
Англия,Манчестер Сити,Манчестер,2004,Пеп Гвардиола,61
Испания,Реал Мадрид,Мадрид,2017,Карло Анчелотти,61
Россия,Спартак,Москва,2010,Деян Станкович,76
Испания,Барселона,Барселона,2007,Ханс‑Дитер Флик,55
Англия,Манчестер Сити,Манчестер,2012,Пеп Гвардиола,3
Англия,Манчестер Сити,Манчестер,2010,Пеп Гвардиола,26
Италия,Интер,Милан,2008, Симоне Индзаги,26
Россия,Зенит,Санкт-Петербург,2004,Семак Сергей Богданович,16
Россия,Спартак,Москва,2014,Деян Станкович,28
Италия,Интер,Милан,2022, Симоне Индзаги,32
Россия,Зенит,Санкт-Петербург,2015,Семак Сергей Богданович,70
Германия,Бавария,Мюнхен,2010,Венсан Компани,51
Италия,Милан,Милан,2012,Сержиу Консейсан,82
Испания,Атлетико,Мадрид,2021,Диего Симеоне,91
Германия,Боруссия,Дортмунд,2020,Нико Ковач,35
Россия,Зенит,Санкт-Петербург,2023,Семак Сергей Богданович,85
Испания,Барселона,Барселона,2023,Ханс‑Дитер Флик,14
Италия,Ювентус,Турин,2008,Игор Тудор,14
Италия,Милан,Милан,2015,Сержиу Консейсан,11
Россия,Зенит,Санкт-Петербург,2019,Семак Сергей Богданович,4
Англия,Арсенал,Лондон,2001,Микель Артета,88
Германия,Лейпциг,Лейпциг,2019,Жолт Лев,34
Англия,Манчестер Сити,Манчестер,2021,Пеп Гвардиола,35
Испания,Реал Мадрид,Мадрид,2002,Карло Анчелотти,58
Испания,Реал Мадрид,Мадрид,2000,Карло Анчелотти,45
Россия,Зенит,Санкт-Петербург,2020,Семак Сергей Богданович,76
Испания,Барселона,Барселона,2000,Ханс‑Дитер Флик,1
Германия,Лейпциг,Лейпциг,2006,Жолт Лев,53
Италия,Ювентус,Турин,2003,Игор Тудор,26
Испания,Атлетико,Мадрид,2016,Диего Симеоне,57
Испания,Реал Мадрид,Мадрид,2015,Карло Анчелотти,26
Испания,Реал Мадрид,Мадрид,2006,Карло Анчелотти,96
Россия,Зенит,Санкт-Петербург,2001,Семак Сергей Богданович,45
Германия,Бавария,Мюнхен,2015,Венсан Компани,30
Россия,Зенит,Санкт-Петербург,2009,Семак Сергей Богданович,88
Испания,Барселона,Барселона,2011,Ханс‑Дитер Флик,95
Англия,Манчестер Сити,Манчестер,2001,Пеп Гвардиола,43
Италия,Ювентус,Турин,2010,Игор Тудор,37
Германия,Бавария,Мюнхен,2006,Венсан Компани,79
Англия,Челси,Лондон,2007,Энцо Мареска,0
Россия,Спартак,Москва,2023,Деян Станкович,46
Англия,Арсенал,Лондон,2002,Микель Артета,99
Россия,ЦСКА,Москва,2019,Марко Николич,51
Англия,Арсенал,Лондон,2023,Микель Артета,52
Англия,Челси,Лондон,2011,Энцо Мареска,57
Италия,Милан,Милан,2018,Сержиу Консейсан,24
Англия,Челси,Лондон,2016,Энцо Мареска,33
Испания,Атлетико,Мадрид,2022,Диего Симеоне,47
Англия,Челси,Лондон,2002,Энцо Мареска,28
Россия,ЦСКА,Москва,2009,Марко Николич,3
Италия,Ювентус,Турин,2004,Игор Тудор,47
Германия,Бавария,Мюнхен,2002,Венсан Компани,12
Германия,Лейпциг,Лейпциг,2015,Жолт Лев,32
Россия,Спартак,Москва,2002,Деян Станкович,53
Россия,ЦСКА,Москва,2022,Марко Николич,55
Россия,Зенит,Санкт-Петербург,2013,Семак Сергей Богданович,41
Россия,Зенит,Санкт-Петербург,2006,Семак Сергей Богданович,94
Испания,Барселона,Барселона,2001,Ханс‑Дитер Флик,33
Россия,ЦСКА,Москва,2010,Марко Николич,91
Англия,Арсенал,Лондон,2003,Микель Артета,4
Германия,Боруссия,Дортмунд,2021,Нико Ковач,100
Германия,Лейпциг,Лейпциг,2014,Жолт Лев,33
Германия,Лейпциг,Лейпциг,2018,Жолт Лев,66
Россия,ЦСКА,Москва,2018,Марко Николич,56
Испания,Барселона,Барселона,2002,Ханс‑Дитер Флик,47
Испания,Реал Мадрид,Мадрид,2010,Карло Анчелотти,1
Испания,Реал Мадрид,Мадрид,2014,Карло Анчелотти,37
Россия,Зенит,Санкт-Петербург,2008,Семак Сергей Богданович,6
Англия,Челси,Лондон,2012,Энцо Мареска,71
Испания,Реал Мадрид,Мадрид,2017,Карло Анчелотти,46
Германия,Боруссия,Дортмунд,2007,Нико Ковач,63
Испания,Атлетико,Мадрид,2012,Диего Симеоне,40
Германия,Лейпциг,Лейпциг,2023,Жолт Лев,89
Англия,Арсенал,Лондон,2008,Микель Артета,35
Испания,Барселона,Барселона,2015,Ханс‑Дитер Флик,22
Италия,Интер,Милан,2016, Симоне Индзаги,42
Италия,Ювентус,Турин,2001,Игор Тудор,54
Италия,Ювентус,Турин,2020,Игор Тудор,30
Италия,Ювентус,Турин,2009,Игор Тудор,11
Россия,Зенит,Санкт-Петербург,2003,Семак Сергей Богданович,14
Россия,Зенит,Санкт-Петербург,2011,Семак Сергей Богданович,51
Испания,Атлетико,Мадрид,2021,Диего Симеоне,20
Россия,Спартак,Москва,2018,Деян Станкович,55
Россия,Спартак,Москва,2014,Деян Станкович,98
Англия,Челси,Лондон,2022,Энцо Мареска,64
Германия,Боруссия,Дортмунд,2001,Нико Ковач,40
Англия,Челси,Лондон,2008,Энцо Мареска,29
Англия,Манчестер Сити,Манчестер,2000,Пеп Гвардиола,14
Италия,Милан,Милан,2007,Сержиу Консейсан,77
Италия,Ювентус,Турин,2012,Игор Тудор,82
Россия,ЦСКА,Москва,2015,Марко Николич,31
Германия,Боруссия,Дортмунд,2007,Нико Ковач,72
Англия,Челси,Лондон,2010,Энцо Мареска,57
Англия,Челси,Лондон,2000,Энцо Мареска,83
Англия,Челси,Лондон,2025,Энцо Мареска,84
Англия,Челси,Лондон,2020,Энцо Мареска,18
Германия,Боруссия,Дортмунд,2015,Нико Ковач,76
Англия,Манчестер Сити,Манчестер,2002,Пеп Гвардиола,21
Англия,Челси,Лондон,2015,Энцо Мареска,67
Испания,Реал Мадрид,Мадрид,2022,Карло Анчелотти,70
Россия,Спартак,Москва,2001,Деян Станкович,28
Россия,Спартак,Москва,2009,Деян Станкович,82
Испания,Барселона,Барселона,2008,Ханс‑Дитер Флик,6
Германия,Боруссия,Дортмунд,2005,Нико Ковач,7
Германия,Бавария,Мюнхен,2018,Венсан Компани,15
Англия,Арсенал,Лондон,2014,Микель Артета,100
Италия,Ювентус,Турин,2017,Игор Тудор,88
Англия,Манчестер Сити,Манчестер,2016,Пеп Гвардиола,1
Германия,Бавария,Мюнхен,2025,Венсан Компани,28
Италия,Ювентус,Турин,2017,Игор Тудор,26
Италия,Милан,Милан,2017,Сержиу Консейсан,12
Испания,Атлетико,Мадрид,2007,Диего Симеоне,95
Германия,Боруссия,Дортмунд,2018,Нико Ковач,5
Россия,Зенит,Санкт-Петербург,2017,Семак Сергей Богданович,34
Италия,Милан,Милан,2012,Сержиу Консейсан,78
Россия,ЦСКА,Москва,2018,Марко Николич,7
Россия,ЦСКА,Москва,2008,Марко Николич,7
Германия,Бавария,Мюнхен,2023,Венсан Компани,67
Германия,Лейпциг,Лейпциг,2023,Жолт Лев,42
Россия,Спартак,Москва,2002,Деян Станкович,80
Германия,Боруссия,Дортмунд,2012,Нико Ковач,31
Испания,Атлетико,Мадрид,2003,Диего Симеоне,6
Испания,Реал Мадрид,Мадрид,2019,Карло Анчелотти,44
Испания,Барселона,Барселона,2016,Ханс‑Дитер Флик,3
Россия,ЦСКА,Москва,2005,Марко Николич,10
Испания,Барселона,Барселона,2004,Ханс‑Дитер Флик,4
Италия,Милан,Милан,2018,Сержиу Консейсан,75
Россия,Спартак,Москва,2003,Деян Станкович,87
Россия,Спартак,Москва,2002,Деян Станкович,93
Россия,Спартак,Москва,2007,Деян Станкович,35
Италия,Интер,Милан,2005, Симоне Индзаги,56
Россия,Зенит,Санкт-Петербург,2004,Семак Сергей Богданович,17
Россия,ЦСКА,Москва,2024,Марко Николич,76
Англия,Манчестер Сити,Манчестер,2014,Пеп Гвардиола,70
Англия,Манчестер Сити,Манчестер,2005,Пеп Гвардиола,99
Англия,Челси,Лондон,2001,Энцо Мареска,73
Испания,Атлетико,Мадрид,2008,Диего Симеоне,33
Испания,Атлетико,Мадрид,2016,Диего Симеоне,46
Италия,Милан,Милан,2000,Сержиу Консейсан,3
Россия,ЦСКА,Москва,2011,Марко Николич,85
Россия,ЦСКА,Москва,2015,Марко Николич,8
Испания,Реал Мадрид,Мадрид,2001,Карло Анчелотти,39
Россия,Зенит,Санкт-Петербург,2000,Семак Сергей Богданович,94
Испания,Реал Мадрид,Мадрид,2024,Карло Анчелотти,59
Англия,Челси,Лондон,2009,Энцо Мареска,33
Россия,Спартак,Москва,2003,Деян Станкович,98
Испания,Реал Мадрид,Мадрид,2017,Карло Анчелотти,28
Англия,Челси,Лондон,2000,Энцо Мареска,89
Англия,Арсенал,Лондон,2006,Микель Артета,15
Россия,Спартак,Москва,2013,Деян Станкович,36
Германия,Бавария,Мюнхен,2007,Венсан Компани,46
Германия,Боруссия,Дортмунд,2000,Нико Ковач,81
Германия,Бавария,Мюнхен,2017,Венсан Компани,44
Германия,Боруссия,Дортмунд,2024,Нико Ковач,29
Россия,Спартак,Москва,2010,Деян Станкович,8
Россия,Спартак,Москва,2022,Деян Станкович,60
Россия,ЦСКА,Москва,2014,Марко Николич,66
Италия,Милан,Милан,2006,Сержиу Консейсан,80
Германия,Лейпциг,Лейпциг,2023,Жолт Лев,73
Германия,Боруссия,Дортмунд,2022,Нико Ковач,59
Англия,Арсенал,Лондон,2002,Микель Артета,1
Англия,Манчестер Сити,Манчестер,2005,Пеп Гвардиола,83
Германия,Лейпциг,Лейпциг,2005,Жолт Лев,38
Испания,Атлетико,Мадрид,2005,Диего Симеоне,90
Испания,Барселона,Барселона,2000,Ханс‑Дитер Флик,80
Испания,Барселона,Барселона,2004,Ханс‑Дитер Флик,34
Италия,Интер,Милан,2003, Симоне Индзаги,91
Испания,Реал Мадрид,Мадрид,2010,Карло Анчелотти,71
Италия,Ювентус,Турин,2003,Игор Тудор,63
Испания,Реал Мадрид,Мадрид,2002,Карло Анчелотти,50
Испания,Атлетико,Мадрид,2016,Диего Симеоне,51
Испания,Барселона,Барселона,2006,Ханс‑Дитер Флик,0
Англия,Манчестер Сити,Манчестер,2008,Пеп Гвардиола,2
Германия,Боруссия,Дортмунд,2024,Нико Ковач,21
Италия,Интер,Милан,2005, Симоне Индзаги,17
Россия,Спартак,Москва,2024,Деян Станкович,86
Россия,ЦСКА,Москва,2006,Марко Николич,21
Германия,Боруссия,Дортмунд,2016,Нико Ковач,87
Испания,Барселона,Барселона,2016,Ханс‑Дитер Флик,65
Англия,Арсенал,Лондон,2014,Микель Артета,14
Италия,Милан,Милан,2003,Сержиу Консейсан,49
Англия,Арсенал,Лондон,2021,Микель Артета,49
Россия,ЦСКА,Москва,2009,Марко Николич,23
Германия,Лейпциг,Лейпциг,2021,Жолт Лев,32
Россия,Спартак,Москва,2014,Деян Станкович,85
Россия,Зенит,Санкт-Петербург,2009,Семак Сергей Богданович,55
Англия,Челси,Лондон,2017,Энцо Мареска,71
Италия,Интер,Милан,2017, Симоне Индзаги,3
Россия,Спартак,Москва,2010,Деян Станкович,0
Россия,ЦСКА,Москва,2010,Марко Николич,43
Англия,Манчестер Сити,Манчестер,2012,Пеп Гвардиола,0
Италия,Милан,Милан,2016,Сержиу Консейсан,23
Италия,Милан,Милан,2005,Сержиу Консейсан,55
Италия,Милан,Милан,2016,Сержиу Консейсан,76
Россия,Зенит,Санкт-Петербург,2010,Семак Сергей Богданович,78
Англия,Арсенал,Лондон,2018,Микель Артета,80
Англия,Челси,Лондон,2021,Энцо Мареска,26
Германия,Бавария,Мюнхен,2025,Венсан Компани,6
Испания,Барселона,Барселона,2025,Ханс‑Дитер Флик,56
Италия,Ювентус,Турин,2015,Игор Тудор,77
Германия,Боруссия,Дортмунд,2015,Нико Ковач,73
Испания,Реал Мадрид,Мадрид,2017,Карло Анчелотти,32
Италия,Интер,Милан,2023, Симоне Индзаги,75
Германия,Боруссия,Дортмунд,2013,Нико Ковач,71
Испания,Реал Мадрид,Мадрид,2021,Карло Анчелотти,36
Испания,Атлетико,Мадрид,2004,Диего Симеоне,67
Россия,Спартак,Москва,2000,Деян Станкович,68
Испания,Барселона,Барселона,2009,Ханс‑Дитер Флик,95
Италия,Милан,Милан,2018,Сержиу Консейсан,52
Англия,Манчестер Сити,Манчестер,2010,Пеп Гвардиола,14
Россия,Спартак,Москва,2000,Деян Станкович,81
Германия,Боруссия,Дортмунд,2020,Нико Ковач,62
Англия,Челси,Лондон,2004,Энцо Мареска,47
Россия,ЦСКА,Москва,2015,Марко Николич,75
Англия,Арсенал,Лондон,2021,Микель Артета,97
Россия,Зенит,Санкт-Петербург,2025,Семак Сергей Богданович,74
Германия,Лейпциг,Лейпциг,2001,Жолт Лев,20
Германия,Бавария,Мюнхен,2012,Венсан Компани,56
Испания,Барселона,Барселона,2020,Ханс‑Дитер Флик,31
Германия,Бавария,Мюнхен,2016,Венсан Компани,72
Германия,Лейпциг,Лейпциг,2010,Жолт Лев,0
Италия,Ювентус,Турин,2025,Игор Тудор,76
Испания,Реал Мадрид,Мадрид,2013,Карло Анчелотти,98
Италия,Милан,Милан,2006,Сержиу Консейсан,28
Россия,Зенит,Санкт-Петербург,2012,Семак Сергей Богданович,79
Германия,Бавария,Мюнхен,2021,Венсан Компани,98
Испания,Реал Мадрид,Мадрид,2008,Карло Анчелотти,7
Германия,Бавария,Мюнхен,2020,Венсан Компани,60
Италия,Интер,Милан,2015, Симоне Индзаги,1
Россия,ЦСКА,Москва,2025,Марко Николич,3
Испания,Реал Мадрид,Мадрид,2020,Карло Анчелотти,87
Англия,Манчестер Сити,Манчестер,2025,Пеп Гвардиола,30
Англия,Манчестер Сити,Манчестер,2019,Пеп Гвардиола,50
Испания,Атлетико,Мадрид,2021,Диего Симеоне,93
Германия,Бавария,Мюнхен,2005,Венсан Компани,69
Италия,Милан,Милан,2010,Сержиу Консейсан,75
Италия,Интер,Милан,2021, Симоне Индзаги,94
Италия,Интер,Милан,2022, Симоне Индзаги,46
Испания,Атлетико,Мадрид,2017,Диего Симеоне,37
Россия,Зенит,Санкт-Петербург,2018,Семак Сергей Богданович,55
Англия,Манчестер Сити,Манчестер,2004,Пеп Гвардиола,7
Германия,Бавария,Мюнхен,2023,Венсан Компани,61
Испания,Барселона,Барселона,2003,Ханс‑Дитер Флик,61
Италия,Интер,Милан,2022, Симоне Индзаги,42
Италия,Интер,Милан,2018, Симоне Индзаги,84
Россия,Зенит,Санкт-Петербург,2002,Семак Сергей Богданович,59
Россия,Спартак,Москва,2025,Деян Станкович,88
Россия,Зенит,Санкт-Петербург,2022,Семак Сергей Богданович,37
Италия,Милан,Милан,2024,Сержиу Консейсан,22
Германия,Бавария,Мюнхен,2004,Венсан Компани,45
Германия,Боруссия,Дортмунд,2017,Нико Ковач,55
Германия,Бавария,Мюнхен,2007,Венсан Компани,51
Италия,Ювентус,Турин,2003,Игор Тудор,30
Германия,Боруссия,Дортмунд,2020,Нико Ковач,66
Англия,Манчестер Сити,Манчестер,2007,Пеп Гвардиола,0
Англия,Арсенал,Лондон,2013,Микель Артета,74
Италия,Милан,Милан,2011,Сержиу Консейсан,28
Испания,Реал Мадрид,Мадрид,2024,Карло Анчелотти,2
Англия,Манчестер Сити,Манчестер,2007,Пеп Гвардиола,68
Испания,Атлетико,Мадрид,2008,Диего Симеоне,45
Россия,Зенит,Санкт-Петербург,2011,Семак Сергей Богданович,61
Италия,Милан,Милан,2006,Сержиу Консейсан,47
Россия,ЦСКА,Москва,2001,Марко Николич,12
Россия,Зенит,Санкт-Петербург,2009,Семак Сергей Богданович,91
Италия,Милан,Милан,2011,Сержиу Консейсан,61
Италия,Ювентус,Турин,2014,Игор Тудор,67
Германия,Бавария,Мюнхен,2009,Венсан Компани,7
Германия,Бавария,Мюнхен,2011,Венсан Компани,84
Германия,Бавария,Мюнхен,2014,Венсан Компани,12
Англия,Челси,Лондон,2011,Энцо Мареска,18
Испания,Барселона,Барселона,2001,Ханс‑Дитер Флик,81
Германия,Боруссия,Дортмунд,2007,Нико Ковач,43
Германия,Бавария,Мюнхен,2006,Венсан Компани,51
Россия,Спартак,Москва,2007,Деян Станкович,29
Германия,Бавария,Мюнхен,2008,Венсан Компани,77
Италия,Интер,Милан,2010, Симоне Индзаги,54
Германия,Бавария,Мюнхен,2024,Венсан Компани,9
Россия,Спартак,Москва,2000,Деян Станкович,65
Германия,Боруссия,Дортмунд,2023,Нико Ковач,68
Германия,Лейпциг,Лейпциг,2025,Жолт Лев,96
Италия,Ювентус,Турин,2024,Игор Тудор,53
Италия,Милан,Милан,2005,Сержиу Консейсан,97
Англия,Манчестер Сити,Манчестер,2019,Пеп Гвардиола,3
Россия,Зенит,Санкт-Петербург,2017,Семак Сергей Богданович,59
Италия,Милан,Милан,2011,Сержиу Консейсан,2
Германия,Лейпциг,Лейпциг,2019,Жолт Лев,79
Англия,Челси,Лондон,2015,Энцо Мареска,20
Россия,Спартак,Москва,2017,Деян Станкович,14
Россия,ЦСКА,Москва,2012,Марко Николич,47
Германия,Бавария,Мюнхен,2000,Венсан Компани,12
Италия,Милан,Милан,2007,Сержиу Консейсан,74
Испания,Атлетико,Мадрид,2019,Диего Симеоне,16
Испания,Атлетико,Мадрид,2011,Диего Симеоне,24
Италия,Интер,Милан,2021, Симоне Индзаги,67
Россия,Зенит,Санкт-Петербург,2008,Семак Сергей Богданович,13
Испания,Атлетико,Мадрид,2010,Диего Симеоне,17
Англия,Манчестер Сити,Манчестер,2011,Пеп Гвардиола,44
Англия,Арсенал,Лондон,2024,Микель Артета,52
Россия,Зенит,Санкт-Петербург,2022,Семак Сергей Богданович,96
Англия,Манчестер Сити,Манчестер,2012,Пеп Гвардиола,3
Россия,Зенит,Санкт-Петербург,2001,Семак Сергей Богданович,96
Англия,Арсенал,Лондон,2020,Микель Артета,5
Россия,Спартак,Москва,2005,Деян Станкович,78
Россия,Зенит,Санкт-Петербург,2004,Семак Сергей Богданович,82
Германия,Боруссия,Дортмунд,2006,Нико Ковач,59
Италия,Милан,Милан,2015,Сержиу Консейсан,59
Италия,Интер,Милан,2002, Симоне Индзаги,57
Италия,Милан,Милан,2003,Сержиу Консейсан,51
Англия,Челси,Лондон,2006,Энцо Мареска,88
Италия,Милан,Милан,2023,Сержиу Консейсан,48
Россия,Зенит,Санкт-Петербург,2005,Семак Сергей Богданович,58
Испания,Атлетико,Мадрид,2002,Диего Симеоне,45
Англия,Манчестер Сити,Манчестер,2014,Пеп Гвардиола,68
Англия,Арсенал,Лондон,2007,Микель Артета,51
Испания,Атлетико,Мадрид,2016,Диего Симеоне,71
Англия,Манчестер Сити,Манчестер,2022,Пеп Гвардиола,75
Испания,Атлетико,Мадрид,2002,Диего Симеоне,52
Испания,Атлетико,Мадрид,2025,Диего Симеоне,78
Россия,ЦСКА,Москва,2009,Марко Николич,71
Италия,Ювентус,Турин,2015,Игор Тудор,16
Испания,Барселона,Барселона,2024,Ханс‑Дитер Флик,66
Германия,Боруссия,Дортмунд,2006,Нико Ковач,23
Италия,Ювентус,Турин,2018,Игор Тудор,42
Италия,Ювентус,Турин,2010,Игор Тудор,21
Испания,Атлетико,Мадрид,2025,Диего Симеоне,55
Германия,Лейпциг,Лейпциг,2012,Жолт Лев,54
Россия,Зенит,Санкт-Петербург,2006,Семак Сергей Богданович,73
Россия,Зенит,Санкт-Петербург,2004,Семак Сергей Богданович,93
Италия,Милан,Милан,2016,Сержиу Консейсан,85
Россия,ЦСКА,Москва,2001,Марко Николич,10
Англия,Арсенал,Лондон,2002,Микель Артета,95
Германия,Лейпциг,Лейпциг,2006,Жолт Лев,2
Германия,Лейпциг,Лейпциг,2015,Жолт Лев,45
Италия,Милан,Милан,2024,Сержиу Консейсан,17
Испания,Реал Мадрид,Мадрид,2005,Карло Анчелотти,17
Германия,Бавария,Мюнхен,2025,Венсан Компани,62
Россия,ЦСКА,Москва,2009,Марко Николич,33
Италия,Ювентус,Турин,2006,Игор Тудор,11
Россия,Зенит,Санкт-Петербург,2002,Семак Сергей Богданович,26
Испания,Барселона,Барселона,2015,Ханс‑Дитер Флик,94
Италия,Милан,Милан,2009,Сержиу Консейсан,77
Испания,Барселона,Барселона,2007,Ханс‑Дитер Флик,76
Англия,Челси,Лондон,2024,Энцо Мареска,64
Германия,Боруссия,Дортмунд,2004,Нико Ковач,74
Германия,Лейпциг,Лейпциг,2005,Жолт Лев,6
Россия,Зенит,Санкт-Петербург,2004,Семак Сергей Богданович,64
Россия,Зенит,Санкт-Петербург,2003,Семак Сергей Богданович,95
Италия,Интер,Милан,2007, Симоне Индзаги,46
Англия,Манчестер Сити,Манчестер,2004,Пеп Гвардиола,20
Германия,Бавария,Мюнхен,2000,Венсан Компани,78
Италия,Интер,Милан,2007, Симоне Индзаги,20
Италия,Ювентус,Турин,2014,Игор Тудор,16
Россия,ЦСКА,Москва,2021,Марко Николич,36
Италия,Интер,Милан,2008, Симоне Индзаги,70
Италия,Милан,Милан,2010,Сержиу Консейсан,22
Германия,Бавария,Мюнхен,2002,Венсан Компани,36
Россия,Спартак,Москва,2003,Деян Станкович,26
Германия,Боруссия,Дортмунд,2013,Нико Ковач,44
Испания,Атлетико,Мадрид,2002,Диего Симеоне,99
Германия,Боруссия,Дортмунд,2023,Нико Ковач,30
Италия,Интер,Милан,2003, Симоне Индзаги,23
Германия,Лейпциг,Лейпциг,2015,Жолт Лев,57
Германия,Боруссия,Дортмунд,2013,Нико Ковач,14
Италия,Милан,Милан,2002,Сержиу Консейсан,71
Англия,Арсенал,Лондон,2021,Микель Артета,100
Италия,Милан,Милан,2005,Сержиу Консейсан,31
Россия,ЦСКА,Москва,2009,Марко Николич,26
Италия,Интер,Милан,2007, Симоне Индзаги,91
Германия,Бавария,Мюнхен,2007,Венсан Компани,75
Германия,Бавария,Мюнхен,2006,Венсан Компани,71
Россия,ЦСКА,Москва,2010,Марко Николич,44
Испания,Реал Мадрид,Мадрид,2025,Карло Анчелотти,100
Италия,Милан,Милан,2004,Сержиу Консейсан,74
Англия,Манчестер Сити,Манчестер,2018,Пеп Гвардиола,92
Англия,Манчестер Сити,Манчестер,2024,Пеп Гвардиола,54
Германия,Бавария,Мюнхен,2005,Венсан Компани,7
Испания,Атлетико,Мадрид,2001,Диего Симеоне,60
Германия,Бавария,Мюнхен,2000,Венсан Компани,70
Испания,Барселона,Барселона,2001,Ханс‑Дитер Флик,86
Россия,Зенит,Санкт-Петербург,2025,Семак Сергей Богданович,32
Англия,Арсенал,Лондон,2004,Микель Артета,82
Англия,Челси,Лондон,2015,Энцо Мареска,79
Испания,Реал Мадрид,Мадрид,2015,Карло Анчелотти,9
Англия,Манчестер Сити,Манчестер,2024,Пеп Гвардиола,85
Италия,Интер,Милан,2017, Симоне Индзаги,81
Германия,Боруссия,Дортмунд,2025,Нико Ковач,18
Россия,Спартак,Москва,2015,Деян Станкович,4
Испания,Атлетико,Мадрид,2004,Диего Симеоне,96
Россия,Зенит,Санкт-Петербург,2025,Семак Сергей Богданович,94
Россия,ЦСКА,Москва,2002,Марко Николич,55
Германия,Бавария,Мюнхен,2017,Венсан Компани,88
Испания,Барселона,Барселона,2001,Ханс‑Дитер Флик,3
Германия,Лейпциг,Лейпциг,2010,Жолт Лев,36
Россия,ЦСКА,Москва,2000,Марко Николич,80
Испания,Реал Мадрид,Мадрид,2023,Карло Анчелотти,2
Италия,Ювентус,Турин,2015,Игор Тудор,80
Германия,Бавария,Мюнхен,2018,Венсан Компани,3
Италия,Ювентус,Турин,2008,Игор Тудор,75
Россия,Спартак,Москва,2022,Деян Станкович,86
Испания,Реал Мадрид,Мадрид,2023,Карло Анчелотти,36
Россия,ЦСКА,Москва,2025,Марко Николич,4
Италия,Милан,Милан,2003,Сержиу Консейсан,33
Англия,Челси,Лондон,2020,Энцо Мареска,78
Англия,Манчестер Сити,Манчестер,2016,Пеп Гвардиола,68
Германия,Лейпциг,Лейпциг,2005,Жолт Лев,7
Германия,Бавария,Мюнхен,2025,Венсан Компани,85
Испания,Реал Мадрид,Мадрид,2009,Карло Анчелотти,86
Германия,Бавария,Мюнхен,2012,Венсан Компани,68
Германия,Лейпциг,Лейпциг,2008,Жолт Лев,74
Италия,Интер,Милан,2021, Симоне Индзаги,32
Италия,Интер,Милан,2010, Симоне Индзаги,62
Италия,Интер,Милан,2018, Симоне Индзаги,22
Италия,Милан,Милан,2012,Сержиу Консейсан,90
Испания,Атлетико,Мадрид,2002,Диего Симеоне,15
Англия,Манчестер Сити,Манчестер,2024,Пеп Гвардиола,82
Россия,Зенит,Санкт-Петербург,2014,Семак Сергей Богданович,69
Англия,Манчестер Сити,Манчестер,2025,Пеп Гвардиола,43
Италия,Ювентус,Турин,2020,Игор Тудор,16
Германия,Лейпциг,Лейпциг,2002,Жолт Лев,1
Испания,Реал Мадрид,Мадрид,2010,Карло Анчелотти,64
Англия,Арсенал,Лондон,2017,Микель Артета,54
Италия,Милан,Милан,2025,Сержиу Консейсан,100
Англия,Манчестер Сити,Манчестер,2015,Пеп Гвардиола,87
Россия,ЦСКА,Москва,2022,Марко Николич,13
Германия,Боруссия,Дортмунд,2001,Нико Ковач,14
Испания,Барселона,Барселона,2018,Ханс‑Дитер Флик,25
Испания,Барселона,Барселона,2001,Ханс‑Дитер Флик,71
Россия,ЦСКА,Москва,2013,Марко Николич,99
Россия,ЦСКА,Москва,2010,Марко Николич,26
Англия,Манчестер Сити,Манчестер,2016,Пеп Гвардиола,74
Испания,Реал Мадрид,Мадрид,2004,Карло Анчелотти,78
Испания,Барселона,Барселона,2020,Ханс‑Дитер Флик,92
Италия,Милан,Милан,2016,Сержиу Консейсан,56
Испания,Атлетико,Мадрид,2011,Диего Симеоне,97
Англия,Челси,Лондон,2003,Энцо Мареска,35
Англия,Арсенал,Лондон,2018,Микель Артета,22
Англия,Манчестер Сити,Манчестер,2014,Пеп Гвардиола,2
Италия,Милан,Милан,2001,Сержиу Консейсан,23
Италия,Интер,Милан,2023, Симоне Индзаги,49
Россия,ЦСКА,Москва,2014,Марко Николич,90
Англия,Челси,Лондон,2011,Энцо Мареска,13
Испания,Реал Мадрид,Мадрид,2025,Карло Анчелотти,17
Италия,Милан,Милан,2017,Сержиу Консейсан,36
Германия,Бавария,Мюнхен,2001,Венсан Компани,9
Испания,Реал Мадрид,Мадрид,2012,Карло Анчелотти,90
Испания,Барселона,Барселона,2025,Ханс‑Дитер Флик,94
Германия,Лейпциг,Лейпциг,2025,Жолт Лев,13
Россия,Зенит,Санкт-Петербург,2007,Семак Сергей Богданович,81
Россия,Зенит,Санкт-Петербург,2022,Семак Сергей Богданович,22
Италия,Ювентус,Турин,2003,Игор Тудор,43
Англия,Челси,Лондон,2003,Энцо Мареска,11
Германия,Бавария,Мюнхен,2019,Венсан Компани,53
Испания,Барселона,Барселона,2020,Ханс‑Дитер Флик,14
Испания,Атлетико,Мадрид,2007,Диего Симеоне,32
Италия,Милан,Милан,2005,Сержиу Консейсан,99
Россия,Спартак,Москва,2021,Деян Станкович,6
Россия,ЦСКА,Москва,2006,Марко Николич,35
Испания,Реал Мадрид,Мадрид,2020,Карло Анчелотти,26
Испания,Барселона,Барселона,2009,Ханс‑Дитер Флик,17
Россия,Зенит,Санкт-Петербург,2017,Семак Сергей Богданович,84
Испания,Атлетико,Мадрид,2016,Диего Симеоне,79
Италия,Милан,Милан,2024,Сержиу Консейсан,25
Испания,Реал Мадрид,Мадрид,2017,Карло Анчелотти,45
Италия,Интер,Милан,2015, Симоне Индзаги,95
Германия,Лейпциг,Лейпциг,2002,Жолт Лев,0
Германия,Бавария,Мюнхен,2003,Венсан Компани,46
Италия,Милан,Милан,2024,Сержиу Консейсан,1
Англия,Челси,Лондон,2019,Энцо Мареска,98
Германия,Боруссия,Дортмунд,2013,Нико Ковач,29
Англия,Арсенал,Лондон,2018,Микель Артета,71
Германия,Лейпциг,Лейпциг,2010,Жолт Лев,7
Испания,Атлетико,Мадрид,2011,Диего Симеоне,87
Россия,Зенит,Санкт-Петербург,2013,Семак Сергей Богданович,85
Россия,Зенит,Санкт-Петербург,2002,Семак Сергей Богданович,85
Италия,Милан,Милан,2024,Сержиу Консейсан,36
Англия,Челси,Лондон,2007,Энцо Мареска,1
Россия,Зенит,Санкт-Петербург,2015,Семак Сергей Богданович,45
Испания,Реал Мадрид,Мадрид,2006,Карло Анчелотти,64
Италия,Интер,Милан,2010, Симоне Индзаги,35
Англия,Арсенал,Лондон,2006,Микель Артета,88
Италия,Милан,Милан,2010,Сержиу Консейсан,88
Италия,Интер,Милан,2014, Симоне Индзаги,97
Россия,Зенит,Санкт-Петербург,2004,Семак Сергей Богданович,15
Италия,Ювентус,Турин,2014,Игор Тудор,72
Германия,Боруссия,Дортмунд,2024,Нико Ковач,7
Испания,Атлетико,Мадрид,2017,Диего Симеоне,62
Англия,Манчестер Сити,Манчестер,2020,Пеп Гвардиола,66
Испания,Барселона,Барселона,2013,Ханс‑Дитер Флик,5
Англия,Манчестер Сити,Манчестер,2005,Пеп Гвардиола,34
Россия,Зенит,Санкт-Петербург,2017,Семак Сергей Богданович,69
Германия,Бавария,Мюнхен,2022,Венсан Компани,54
Германия,Бавария,Мюнхен,2016,Венсан Компани,17
Италия,Ювентус,Турин,2018,Игор Тудор,80
Италия,Интер,Милан,2023, Симоне Индзаги,58
Италия,Интер,Милан,2005, Симоне Индзаги,15
Германия,Боруссия,Дортмунд,2022,Нико Ковач,46
Испания,Реал Мадрид,Мадрид,2011,Карло Анчелотти,23
Испания,Реал Мадрид,Мадрид,2014,Карло Анчелотти,13
Испания,Реал Мадрид,Мадрид,2013,Карло Анчелотти,13
Германия,Лейпциг,Лейпциг,2019,Жолт Лев,81
Испания,Атлетико,Мадрид,2012,Диего Симеоне,75
Германия,Лейпциг,Лейпциг,2000,Жолт Лев,89
Англия,Арсенал,Лондон,2024,Микель Артета,20
Германия,Лейпциг,Лейпциг,2013,Жолт Лев,87
Англия,Манчестер Сити,Манчестер,2015,Пеп Гвардиола,86
Испания,Реал Мадрид,Мадрид,2001,Карло Анчелотти,66
Италия,Интер,Милан,2023, Симоне Индзаги,31
Италия,Ювентус,Турин,2021,Игор Тудор,26
Испания,Барселона,Барселона,2013,Ханс‑Дитер Флик,100
Англия,Манчестер Сити,Манчестер,2004,Пеп Гвардиола,79
Англия,Арсенал,Лондон,2011,Микель Артета,6
Англия,Челси,Лондон,2012,Энцо Мареска,48
Италия,Ювентус,Турин,2001,Игор Тудор,46
Италия,Ювентус,Турин,2004,Игор Тудор,58
Англия,Челси,Лондон,2005,Энцо Мареска,100
Россия,Спартак,Москва,2007,Деян Станкович,18
Россия,Зенит,Санкт-Петербург,2023,Семак Сергей Богданович,20
Испания,Атлетико,Мадрид,2020,Диего Симеоне,66
Россия,Спартак,Москва,2015,Деян Станкович,90
Россия,Спартак,Москва,2003,Деян Станкович,39
Германия,Боруссия,Дортмунд,2022,Нико Ковач,85
Англия,Манчестер Сити,Манчестер,2014,Пеп Гвардиола,44
Германия,Бавария,Мюнхен,2024,Венсан Компани,48
Англия,Арсенал,Лондон,2000,Микель Артета,72
Германия,Лейпциг,Лейпциг,2008,Жолт Лев,85
Италия,Милан,Милан,2014,Сержиу Консейсан,37
Германия,Бавария,Мюнхен,2019,Венсан Компани,6
Англия,Арсенал,Лондон,2002,Микель Артета,74
Германия,Бавария,Мюнхен,2013,Венсан Компани,25
Италия,Интер,Милан,2021, Симоне Индзаги,15
Италия,Милан,Милан,2023,Сержиу Консейсан,46
Германия,Боруссия,Дортмунд,2018,Нико Ковач,47
Германия,Лейпциг,Лейпциг,2003,Жолт Лев,11
Испания,Атлетико,Мадрид,2025,Диего Симеоне,98
Германия,Боруссия,Дортмунд,2025,Нико Ковач,21
Германия,Боруссия,Дортмунд,2001,Нико Ковач,46
Испания,Барселона,Барселона,2008,Ханс‑Дитер Флик,29
Италия,Милан,Милан,2010,Сержиу Консейсан,4
Россия,ЦСКА,Москва,2023,Марко Николич,29
Испания,Реал Мадрид,Мадрид,2013,Карло Анчелотти,48
Россия,Зенит,Санкт-Петербург,2007,Семак Сергей Богданович,2
Германия,Бавария,Мюнхен,2019,Венсан Компани,0
Англия,Челси,Лондон,2002,Энцо Мареска,91
Испания,Барселона,Барселона,2015,Ханс‑Дитер Флик,58
Испания,Атлетико,Мадрид,2021,Диего Симеоне,92
Испания,Атлетико,Мадрид,2001,Диего Симеоне,14
Испания,Барселона,Барселона,2021,Ханс‑Дитер Флик,98
Германия,Боруссия,Дортмунд,2011,Нико Ковач,76
Испания,Реал Мадрид,Мадрид,2002,Карло Анчелотти,35
Германия,Боруссия,Дортмунд,2021,Нико Ковач,25
Италия,Милан,Милан,2021,Сержиу Консейсан,56
Англия,Арсенал,Лондон,2008,Микель Артета,33
Англия,Арсенал,Лондон,2003,Микель Артета,45
Германия,Лейпциг,Лейпциг,2025,Жолт Лев,40
Италия,Интер,Милан,2002, Симоне Индзаги,55
Испания,Барселона,Барселона,2011,Ханс‑Дитер Флик,56
Германия,Боруссия,Дортмунд,2012,Нико Ковач,86
Англия,Манчестер Сити,Манчестер,2008,Пеп Гвардиола,63
Англия,Челси,Лондон,2011,Энцо Мареска,32
Испания,Реал Мадрид,Мадрид,2014,Карло Анчелотти,91
Испания,Реал Мадрид,Мадрид,2009,Карло Анчелотти,56
Италия,Ювентус,Турин,2013,Игор Тудор,1
Россия,ЦСКА,Москва,2014,Марко Николич,8
Россия,ЦСКА,Москва,2021,Марко Николич,16
Испания,Атлетико,Мадрид,2015,Диего Симеоне,35
Италия,Милан,Милан,2023,Сержиу Консейсан,45
Германия,Лейпциг,Лейпциг,2016,Жолт Лев,74
Испания,Атлетико,Мадрид,2015,Диего Симеоне,5
Италия,Ювентус,Турин,2009,Игор Тудор,70
Россия,ЦСКА,Москва,2022,Марко Николич,98
Германия,Лейпциг,Лейпциг,2013,Жолт Лев,30
Россия,Спартак,Москва,2012,Деян Станкович,53
Италия,Интер,Милан,2001, Симоне Индзаги,3
Италия,Ювентус,Турин,2002,Игор Тудор,90
Германия,Лейпциг,Лейпциг,2005,Жолт Лев,58
Испания,Атлетико,Мадрид,2003,Диего Симеоне,39
Германия,Бавария,Мюнхен,2025,Венсан Компани,5
Германия,Бавария,Мюнхен,2024,Венсан Компани,56
Россия,Зенит,Санкт-Петербург,2013,Семак Сергей Богданович,62
Италия,Интер,Милан,2003, Симоне Индзаги,8
Германия,Лейпциг,Лейпциг,2006,Жолт Лев,12
Германия,Боруссия,Дортмунд,2011,Нико Ковач,41
Россия,Зенит,Санкт-Петербург,2021,Семак Сергей Богданович,24
Россия,ЦСКА,Москва,2000,Марко Николич,97
Испания,Атлетико,Мадрид,2007,Диего Симеоне,50
Испания,Барселона,Барселона,2009,Ханс‑Дитер Флик,67
Испания,Реал Мадрид,Мадрид,2009,Карло Анчелотти,57
Испания,Барселона,Барселона,2007,Ханс‑Дитер Флик,77
Англия,Арсенал,Лондон,2016,Микель Артета,10
Испания,Барселона,Барселона,2019,Ханс‑Дитер Флик,93
Россия,ЦСКА,Москва,2020,Марко Николич,80
Англия,Манчестер Сити,Манчестер,2025,Пеп Гвардиола,85
Россия,ЦСКА,Москва,2011,Марко Николич,58
Германия,Бавария,Мюнхен,2012,Венсан Компани,87
Россия,Зенит,Санкт-Петербург,2015,Семак Сергей Богданович,71
Германия,Боруссия,Дортмунд,2000,Нико Ковач,93
Англия,Челси,Лондон,2001,Энцо Мареска,57
Германия,Боруссия,Дортмунд,2015,Нико Ковач,48
Германия,Бавария,Мюнхен,2002,Венсан Компани,80
Испания,Барселона,Барселона,2019,Ханс‑Дитер Флик,58
Италия,Ювентус,Турин,2002,Игор Тудор,24
Англия,Челси,Лондон,2015,Энцо Мареска,42
Италия,Милан,Милан,2010,Сержиу Консейсан,13
Англия,Арсенал,Лондон,2004,Микель Артета,16
Россия,ЦСКА,Москва,2007,Марко Николич,11
Германия,Бавария,Мюнхен,2000,Венсан Компани,71
Россия,Зенит,Санкт-Петербург,2000,Семак Сергей Богданович,29
Германия,Боруссия,Дортмунд,2019,Нико Ковач,70
Россия,ЦСКА,Москва,2005,Марко Николич,16
Россия,Спартак,Москва,2019,Деян Станкович,12
Россия,Зенит,Санкт-Петербург,2018,Семак Сергей Богданович,10
Россия,Зенит,Санкт-Петербург,2024,Семак Сергей Богданович,3
Англия,Манчестер Сити,Манчестер,2013,Пеп Гвардиола,87
Россия,Зенит,Санкт-Петербург,2001,Семак Сергей Богданович,92
Испания,Барселона,Барселона,2025,Ханс‑Дитер Флик,58
Германия,Бавария,Мюнхен,2022,Венсан Компани,45
Англия,Манчестер Сити,Манчестер,2003,Пеп Гвардиола,99
Италия,Ювентус,Турин,2004,Игор Тудор,4
Испания,Реал Мадрид,Мадрид,2013,Карло Анчелотти,84
Россия,Зенит,Санкт-Петербург,2019,Семак Сергей Богданович,46
Испания,Реал Мадрид,Мадрид,2008,Карло Анчелотти,89
Испания,Атлетико,Мадрид,2024,Диего Симеоне,99
Испания,Барселона,Барселона,2021,Ханс‑Дитер Флик,49
Испания,Реал Мадрид,Мадрид,2009,Карло Анчелотти,73
Италия,Интер,Милан,2022, Симоне Индзаги,54
Англия,Арсенал,Лондон,2021,Микель Артета,33
Англия,Челси,Лондон,2010,Энцо Мареска,57
Германия,Бавария,Мюнхен,2011,Венсан Компани,74
Англия,Манчестер Сити,Манчестер,2012,Пеп Гвардиола,44
Англия,Арсенал,Лондон,2004,Микель Артета,37
Германия,Лейпциг,Лейпциг,2010,Жолт Лев,27
Италия,Ювентус,Турин,2019,Игор Тудор,58
Испания,Реал Мадрид,Мадрид,2009,Карло Анчелотти,36
Испания,Реал Мадрид,Мадрид,2021,Карло Анчелотти,20
Италия,Милан,Милан,2013,Сержиу Консейсан,13
Италия,Ювентус,Турин,2009,Игор Тудор,70
Италия,Милан,Милан,2012,Сержиу Консейсан,30
Испания,Реал Мадрид,Мадрид,2016,Карло Анчелотти,31
Италия,Ювентус,Турин,2000,Игор Тудор,94
Испания,Атлетико,Мадрид,2018,Диего Симеоне,28
Испания,Реал Мадрид,Мадрид,2003,Карло Анчелотти,52
Германия,Лейпциг,Лейпциг,2025,Жолт Лев,56
Германия,Бавария,Мюнхен,2003,Венсан Компани,35
Италия,Ювентус,Турин,2025,Игор Тудор,35
Испания,Атлетико,Мадрид,2022,Диего Симеоне,1
Испания,Атлетико,Мадрид,2007,Диего Симеоне,81
Россия,Зенит,Санкт-Петербург,2008,Семак Сергей Богданович,56
Италия,Ювентус,Турин,2000,Игор Тудор,58
Англия,Челси,Лондон,2007,Энцо Мареска,41
Италия,Милан,Милан,2014,Сержиу Консейсан,58
Испания,Реал Мадрид,Мадрид,2015,Карло Анчелотти,10
Германия,Бавария,Мюнхен,2008,Венсан Компани,4
Англия,Манчестер Сити,Манчестер,2009,Пеп Гвардиола,98
Германия,Лейпциг,Лейпциг,2009,Жолт Лев,88
Италия,Ювентус,Турин,2015,Игор Тудор,18
Италия,Интер,Милан,2018, Симоне Индзаги,18
Италия,Ювентус,Турин,2005,Игор Тудор,6
Италия,Интер,Милан,2023, Симоне Индзаги,65
Германия,Бавария,Мюнхен,2021,Венсан Компани,80
Германия,Боруссия,Дортмунд,2004,Нико Ковач,26
Испания,Барселона,Барселона,2021,Ханс‑Дитер Флик,97
Германия,Боруссия,Дортмунд,2012,Нико Ковач,86
Германия,Лейпциг,Лейпциг,2022,Жолт Лев,3
Германия,Бавария,Мюнхен,2025,Венсан Компани,32
Италия,Ювентус,Турин,2000,Игор Тудор,14
Англия,Манчестер Сити,Манчестер,2007,Пеп Гвардиола,7
Италия,Интер,Милан,2018, Симоне Индзаги,61
Испания,Реал Мадрид,Мадрид,2022,Карло Анчелотти,22
Испания,Реал Мадрид,Мадрид,2025,Карло Анчелотти,93
Германия,Бавария,Мюнхен,2023,Венсан Компани,12
Россия,Спартак,Москва,2013,Деян Станкович,42
Италия,Ювентус,Турин,2017,Игор Тудор,44
Россия,Спартак,Москва,2004,Деян Станкович,28
Испания,Атлетико,Мадрид,2023,Диего Симеоне,32
Италия,Милан,Милан,2017,Сержиу Консейсан,92
Италия,Ювентус,Турин,2018,Игор Тудор,72
Англия,Арсенал,Лондон,2014,Микель Артета,62
Испания,Атлетико,Мадрид,2001,Диего Симеоне,81
Испания,Барселона,Барселона,2001,Ханс‑Дитер Флик,22
Англия,Челси,Лондон,2023,Энцо Мареска,89
Англия,Челси,Лондон,2005,Энцо Мареска,15
Англия,Манчестер Сити,Манчестер,2022,Пеп Гвардиола,74
Германия,Лейпциг,Лейпциг,2019,Жолт Лев,7
Испания,Реал Мадрид,Мадрид,2003,Карло Анчелотти,100
Германия,Боруссия,Дортмунд,2001,Нико Ковач,23
Италия,Ювентус,Турин,2010,Игор Тудор,7
Испания,Атлетико,Мадрид,2017,Диего Симеоне,70
Испания,Реал Мадрид,Мадрид,2019,Карло Анчелотти,15
Германия,Лейпциг,Лейпциг,2009,Жолт Лев,93
Италия,Милан,Милан,2014,Сержиу Консейсан,22
Россия,ЦСКА,Москва,2016,Марко Николич,87
Англия,Манчестер Сити,Манчестер,2000,Пеп Гвардиола,30
Англия,Арсенал,Лондон,2001,Микель Артета,24
Испания,Барселона,Барселона,2013,Ханс‑Дитер Флик,39
Россия,Спартак,Москва,2024,Деян Станкович,38
Россия,Зенит,Санкт-Петербург,2016,Семак Сергей Богданович,84
Россия,Зенит,Санкт-Петербург,2010,Семак Сергей Богданович,97
Россия,ЦСКА,Москва,2001,Марко Николич,13
Англия,Манчестер Сити,Манчестер,2018,Пеп Гвардиола,46
Германия,Лейпциг,Лейпциг,2000,Жолт Лев,43
Англия,Арсенал,Лондон,2014,Микель Артета,73
Италия,Милан,Милан,2008,Сержиу Консейсан,86
Италия,Милан,Милан,2015,Сержиу Консейсан,41
Россия,ЦСКА,Москва,2013,Марко Николич,77
Россия,ЦСКА,Москва,2015,Марко Николич,95
Россия,Зенит,Санкт-Петербург,2022,Семак Сергей Богданович,35
Германия,Бавария,Мюнхен,2014,Венсан Компани,42
Англия,Челси,Лондон,2010,Энцо Мареска,74
Италия,Ювентус,Турин,2016,Игор Тудор,24
Италия,Милан,Милан,2015,Сержиу Консейсан,57
Россия,Зенит,Санкт-Петербург,2022,Семак Сергей Богданович,7
Германия,Лейпциг,Лейпциг,2024,Жолт Лев,16
Англия,Челси,Лондон,2016,Энцо Мареска,11
Италия,Милан,Милан,2001,Сержиу Консейсан,78
Англия,Арсенал,Лондон,2023,Микель Артета,66
Россия,Зенит,Санкт-Петербург,2025,Семак Сергей Богданович,81
Италия,Интер,Милан,2009, Симоне Индзаги,21
Италия,Милан,Милан,2006,Сержиу Консейсан,19
Испания,Барселона,Барселона,2001,Ханс‑Дитер Флик,58
Италия,Милан,Милан,2018,Сержиу Консейсан,86
Испания,Реал Мадрид,Мадрид,2003,Карло Анчелотти,69
Германия,Бавария,Мюнхен,2014,Венсан Компани,21
Испания,Атлетико,Мадрид,2008,Диего Симеоне,15
Россия,Зенит,Санкт-Петербург,2006,Семак Сергей Богданович,52
Италия,Милан,Милан,2024,Сержиу Консейсан,78
Италия,Милан,Милан,2020,Сержиу Консейсан,12
Италия,Ювентус,Турин,2000,Игор Тудор,73
Германия,Лейпциг,Лейпциг,2009,Жолт Лев,19
Германия,Лейпциг,Лейпциг,2008,Жолт Лев,54
Испания,Барселона,Барселона,2019,Ханс‑Дитер Флик,7
Италия,Интер,Милан,2012, Симоне Индзаги,40
Испания,Реал Мадрид,Мадрид,2006,Карло Анчелотти,50
Россия,Зенит,Санкт-Петербург,2015,Семак Сергей Богданович,48
Англия,Манчестер Сити,Манчестер,2007,Пеп Гвардиола,25
Испания,Атлетико,Мадрид,2001,Диего Симеоне,95
Испания,Реал Мадрид,Мадрид,2002,Карло Анчелотти,12
Испания,Атлетико,Мадрид,2013,Диего Симеоне,35
Италия,Ювентус,Турин,2022,Игор Тудор,65
Германия,Бавария,Мюнхен,2022,Венсан Компани,25
Италия,Милан,Милан,2012,Сержиу Консейсан,4
Италия,Милан,Милан,2002,Сержиу Консейсан,48
Италия,Интер,Милан,2003, Симоне Индзаги,39
Англия,Челси,Лондон,2010,Энцо Мареска,18
Англия,Манчестер Сити,Манчестер,2016,Пеп Гвардиола,88
Англия,Челси,Лондон,2009,Энцо Мареска,22
Россия,ЦСКА,Москва,2022,Марко Николич,4
Германия,Бавария,Мюнхен,2014,Венсан Компани,96
Германия,Бавария,Мюнхен,2022,Венсан Компани,65
Англия,Челси,Лондон,2009,Энцо Мареска,7
Англия,Манчестер Сити,Манчестер,2004,Пеп Гвардиола,26
Англия,Арсенал,Лондон,2025,Микель Артета,18
Россия,ЦСКА,Москва,2011,Марко Николич,36
Испания,Атлетико,Мадрид,2024,Диего Симеоне,11
Испания,Барселона,Барселона,2000,Ханс‑Дитер Флик,36
Италия,Милан,Милан,2003,Сержиу Консейсан,52
Италия,Милан,Милан,2002,Сержиу Консейсан,52
Италия,Интер,Милан,2001, Симоне Индзаги,60
Италия,Интер,Милан,2002, Симоне Индзаги,41
Россия,Зенит,Санкт-Петербург,2024,Семак Сергей Богданович,9
Россия,Зенит,Санкт-Петербург,2005,Семак Сергей Богданович,45
Германия,Боруссия,Дортмунд,2002,Нико Ковач,76
Англия,Челси,Лондон,2017,Энцо Мареска,36
Германия,Боруссия,Дортмунд,2019,Нико Ковач,94
Россия,Спартак,Москва,2013,Деян Станкович,80
Италия,Ювентус,Турин,2007,Игор Тудор,74
Россия,ЦСКА,Москва,2004,Марко Николич,70
Англия,Челси,Лондон,2009,Энцо Мареска,87
Англия,Манчестер Сити,Манчестер,2015,Пеп Гвардиола,60
Испания,Реал Мадрид,Мадрид,2014,Карло Анчелотти,7
Германия,Лейпциг,Лейпциг,2020,Жолт Лев,31
Россия,ЦСКА,Москва,2009,Марко Николич,47
Россия,ЦСКА,Москва,2010,Марко Николич,53
Италия,Интер,Милан,2022, Симоне Индзаги,57
Италия,Милан,Милан,2001,Сержиу Консейсан,81
Италия,Милан,Милан,2009,Сержиу Консейсан,35
Италия,Милан,Милан,2025,Сержиу Консейсан,99
Россия,ЦСКА,Москва,2021,Марко Николич,88
Россия,Зенит,Санкт-Петербург,2025,Семак Сергей Богданович,46
Испания,Атлетико,Мадрид,2012,Диего Симеоне,21
Испания,Барселона,Барселона,2004,Ханс‑Дитер Флик,77
Англия,Арсенал,Лондон,2000,Микель Артета,98
Италия,Милан,Милан,2002,Сержиу Консейсан,21
Россия,Спартак,Москва,2025,Деян Станкович,45
Германия,Бавария,Мюнхен,2025,Венсан Компани,38
Англия,Челси,Лондон,2006,Энцо Мареска,38
Англия,Арсенал,Лондон,2012,Микель Артета,18
Англия,Челси,Лондон,2000,Энцо Мареска,49
Россия,Зенит,Санкт-Петербург,2023,Семак Сергей Богданович,79
Россия,ЦСКА,Москва,2003,Марко Николич,10
Италия,Интер,Милан,2023, Симоне Индзаги,83
Италия,Милан,Милан,2010,Сержиу Консейсан,46
Англия,Челси,Лондон,2010,Энцо Мареска,81
Испания,Барселона,Барселона,2025,Ханс‑Дитер Флик,51
Англия,Челси,Лондон,2020,Энцо Мареска,2
Испания,Реал Мадрид,Мадрид,2006,Карло Анчелотти,51
Германия,Бавария,Мюнхен,2024,Венсан Компани,23
Италия,Милан,Милан,2007,Сержиу Консейсан,53
Англия,Челси,Лондон,2001,Энцо Мареска,76
Испания,Атлетико,Мадрид,2005,Диего Симеоне,17
Россия,ЦСКА,Москва,2025,Марко Николич,17
Испания,Реал Мадрид,Мадрид,2024,Карло Анчелотти,15
Россия,ЦСКА,Москва,2024,Марко Николич,40
Россия,Спартак,Москва,2016,Деян Станкович,5
Россия,ЦСКА,Москва,2008,Марко Николич,88
Италия,Милан,Милан,2001,Сержиу Консейсан,46
Англия,Арсенал,Лондон,2007,Микель Артета,17
Италия,Ювентус,Турин,2021,Игор Тудор,76
Россия,ЦСКА,Москва,2010,Марко Николич,88
Италия,Милан,Милан,2014,Сержиу Консейсан,84
Германия,Бавария,Мюнхен,2025,Венсан Компани,67
Англия,Челси,Лондон,2015,Энцо Мареска,67
Испания,Реал Мадрид,Мадрид,2020,Карло Анчелотти,84
Англия,Арсенал,Лондон,2003,Микель Артета,68
Италия,Ювентус,Турин,2024,Игор Тудор,39
Россия,Зенит,Санкт-Петербург,2021,Семак Сергей Богданович,26
Испания,Атлетико,Мадрид,2009,Диего Симеоне,47
Испания,Реал Мадрид,Мадрид,2019,Карло Анчелотти,2
Италия,Интер,Милан,2017, Симоне Индзаги,36
Германия,Бавария,Мюнхен,2001,Венсан Компани,84
Англия,Манчестер Сити,Манчестер,2005,Пеп Гвардиола,46
Италия,Ювентус,Турин,2002,Игор Тудор,13
Германия,Боруссия,Дортмунд,2020,Нико Ковач,62
Англия,Манчестер Сити,Манчестер,2019,Пеп Гвардиола,77
Англия,Манчестер Сити,Манчестер,2002,Пеп Гвардиола,87
Италия,Ювентус,Турин,2013,Игор Тудор,87
Россия,ЦСКА,Москва,2000,Марко Николич,19
Германия,Лейпциг,Лейпциг,2005,Жолт Лев,40
Англия,Челси,Лондон,2020,Энцо Мареска,18
Россия,ЦСКА,Москва,2014,Марко Николич,3
Италия,Ювентус,Турин,2001,Игор Тудор,24
Италия,Интер,Милан,2000, Симоне Индзаги,94
Россия,ЦСКА,Москва,2011,Марко Николич,61
Германия,Боруссия,Дортмунд,2014,Нико Ковач,84
Италия,Интер,Милан,2023, Симоне Индзаги,24
Германия,Боруссия,Дортмунд,2012,Нико Ковач,100
Испания,Барселона,Барселона,2024,Ханс‑Дитер Флик,9
Англия,Челси,Лондон,2008,Энцо Мареска,100
Италия,Ювентус,Турин,2010,Игор Тудор,51
Италия,Ювентус,Турин,2003,Игор Тудор,50
Италия,Милан,Милан,2007,Сержиу Консейсан,27
Россия,Зенит,Санкт-Петербург,2024,Семак Сергей Богданович,17
Россия,Зенит,Санкт-Петербург,2003,Семак Сергей Богданович,9
Англия,Манчестер Сити,Манчестер,2019,Пеп Гвардиола,16
Англия,Арсенал,Лондон,2017,Микель Артета,15
Россия,Спартак,Москва,2023,Деян Станкович,26
Испания,Атлетико,Мадрид,2002,Диего Симеоне,91
Испания,Реал Мадрид,Мадрид,2000,Карло Анчелотти,90
Англия,Арсенал,Лондон,2013,Микель Артета,82
Испания,Атлетико,Мадрид,2007,Диего Симеоне,7
Италия,Интер,Милан,2025, Симоне Индзаги,0
Россия,Зенит,Санкт-Петербург,2021,Семак Сергей Богданович,55
Англия,Арсенал,Лондон,2025,Микель Артета,22
Англия,Челси,Лондон,2022,Энцо Мареска,47
Англия,Арсенал,Лондон,2020,Микель Артета,80
Россия,ЦСКА,Москва,2013,Марко Николич,85
Англия,Арсенал,Лондон,2024,Микель Артета,18
Россия,ЦСКА,Москва,2001,Марко Николич,4
Англия,Челси,Лондон,2005,Энцо Мареска,2
Англия,Челси,Лондон,2018,Энцо Мареска,16
Россия,Зенит,Санкт-Петербург,2006,Семак Сергей Богданович,11
Италия,Интер,Милан,2006, Симоне Индзаги,32
Англия,Манчестер Сити,Манчестер,2013,Пеп Гвардиола,45
Германия,Лейпциг,Лейпциг,2004,Жолт Лев,80
Испания,Реал Мадрид,Мадрид,2003,Карло Анчелотти,5
Германия,Лейпциг,Лейпциг,2002,Жолт Лев,57
Германия,Бавария,Мюнхен,2024,Венсан Компани,52
Италия,Милан,Милан,2025,Сержиу Консейсан,71
Англия,Арсенал,Лондон,2019,Микель Артета,74
Англия,Челси,Лондон,2025,Энцо Мареска,82
Италия,Ювентус,Турин,2015,Игор Тудор,1
Испания,Атлетико,Мадрид,2013,Диего Симеоне,73
Германия,Лейпциг,Лейпциг,2012,Жолт Лев,87
Испания,Реал Мадрид,Мадрид,2001,Карло Анчелотти,71
Англия,Челси,Лондон,2000,Энцо Мареска,5
Италия,Милан,Милан,2002,Сержиу Консейсан,19
Англия,Манчестер Сити,Манчестер,2014,Пеп Гвардиола,37
Россия,Зенит,Санкт-Петербург,2002,Семак Сергей Богданович,49
Испания,Барселона,Барселона,2011,Ханс‑Дитер Флик,58
Россия,Спартак,Москва,2004,Деян Станкович,49
Англия,Манчестер Сити,Манчестер,2007,Пеп Гвардиола,76
Германия,Лейпциг,Лейпциг,2019,Жолт Лев,24
Россия,Зенит,Санкт-Петербург,2016,Семак Сергей Богданович,14
Германия,Бавария,Мюнхен,2001,Венсан Компани,41
Россия,Зенит,Санкт-Петербург,2024,Семак Сергей Богданович,26
Италия,Интер,Милан,2017, Симоне Индзаги,71
Россия,ЦСКА,Москва,2025,Марко Николич,18
Италия,Интер,Милан,2023, Симоне Индзаги,94
Германия,Лейпциг,Лейпциг,2013,Жолт Лев,65
Англия,Челси,Лондон,2019,Энцо Мареска,10
Англия,Арсенал,Лондон,2007,Микель Артета,48
Россия,Спартак,Москва,2002,Деян Станкович,76
Италия,Милан,Милан,2012,Сержиу Консейсан,7
Италия,Милан,Милан,2007,Сержиу Консейсан,19
Россия,Зенит,Санкт-Петербург,2006,Семак Сергей Богданович,56
Германия,Лейпциг,Лейпциг,2014,Жолт Лев,72
Испания,Барселона,Барселона,2022,Ханс‑Дитер Флик,86
Германия,Боруссия,Дортмунд,2025,Нико Ковач,51
Испания,Барселона,Барселона,2003,Ханс‑Дитер Флик,20
Германия,Бавария,Мюнхен,2019,Венсан Компани,56
Испания,Атлетико,Мадрид,2022,Диего Симеоне,29
Италия,Интер,Милан,2001, Симоне Индзаги,35
Англия,Арсенал,Лондон,2014,Микель Артета,96
Испания,Атлетико,Мадрид,2013,Диего Симеоне,81
Англия,Челси,Лондон,2006,Энцо Мареска,6
Италия,Ювентус,Турин,2025,Игор Тудор,56
Россия,ЦСКА,Москва,2025,Марко Николич,94
Англия,Манчестер Сити,Манчестер,2002,Пеп Гвардиола,19
Германия,Лейпциг,Лейпциг,2006,Жолт Лев,12
Испания,Атлетико,Мадрид,2018,Диего Симеоне,74
Россия,Зенит,Санкт-Петербург,2001,Семак Сергей Богданович,8
Германия,Боруссия,Дортмунд,2015,Нико Ковач,40
Испания,Атлетико,Мадрид,2001,Диего Симеоне,54
Россия,Зенит,Санкт-Петербург,2016,Семак Сергей Богданович,80
Россия,Спартак,Москва,2015,Деян Станкович,87
Германия,Боруссия,Дортмунд,2018,Нико Ковач,58
Германия,Боруссия,Дортмунд,2004,Нико Ковач,69
Россия,Спартак,Москва,2022,Деян Станкович,86
Россия,Зенит,Санкт-Петербург,2014,Семак Сергей Богданович,50
Германия,Лейпциг,Лейпциг,2009,Жолт Лев,24
Германия,Боруссия,Дортмунд,2010,Нико Ковач,3
Россия,ЦСКА,Москва,2020,Марко Николич,63
Англия,Челси,Лондон,2010,Энцо Мареска,26
Англия,Манчестер Сити,Манчестер,2022,Пеп Гвардиола,67
Англия,Манчестер Сити,Манчестер,2021,Пеп Гвардиола,67
Германия,Лейпциг,Лейпциг,2005,Жолт Лев,87
Италия,Милан,Милан,2005,Сержиу Консейсан,38
Италия,Милан,Милан,2015,Сержиу Консейсан,29
Россия,Спартак,Москва,2002,Деян Станкович,75
Италия,Интер,Милан,2009, Симоне Индзаги,13
Германия,Бавария,Мюнхен,2025,Венсан Компани,13
Россия,Спартак,Москва,2023,Деян Станкович,28
Германия,Боруссия,Дортмунд,2025,Нико Ковач,99
Англия,Манчестер Сити,Манчестер,2023,Пеп Гвардиола,17
Англия,Арсенал,Лондон,2017,Микель Артета,39
Англия,Манчестер Сити,Манчестер,2011,Пеп Гвардиола,23
Германия,Боруссия,Дортмунд,2018,Нико Ковач,40
Испания,Барселона,Барселона,2023,Ханс‑Дитер Флик,18
Россия,ЦСКА,Москва,2017,Марко Николич,77
Германия,Боруссия,Дортмунд,2010,Нико Ковач,2
Россия,ЦСКА,Москва,2006,Марко Николич,26
Россия,Спартак,Москва,2012,Деян Станкович,14
Германия,Лейпциг,Лейпциг,2016,Жолт Лев,47
Италия,Милан,Милан,2012,Сержиу Консейсан,59
Англия,Арсенал,Лондон,2004,Микель Артета,12
Италия,Милан,Милан,2023,Сержиу Консейсан,44
Англия,Арсенал,Лондон,2017,Микель Артета,84
Испания,Барселона,Барселона,2005,Ханс‑Дитер Флик,58
Германия,Боруссия,Дортмунд,2017,Нико Ковач,72
Италия,Ювентус,Турин,2016,Игор Тудор,3
Россия,ЦСКА,Москва,2013,Марко Николич,94
Германия,Лейпциг,Лейпциг,2004,Жолт Лев,88
Испания,Атлетико,Мадрид,2025,Диего Симеоне,69
Германия,Боруссия,Дортмунд,2000,Нико Ковач,56
Англия,Челси,Лондон,2020,Энцо Мареска,40
Россия,Зенит,Санкт-Петербург,2022,Семак Сергей Богданович,57
Англия,Челси,Лондон,2024,Энцо Мареска,84
Англия,Арсенал,Лондон,2019,Микель Артета,56
Италия,Интер,Милан,2025, Симоне Индзаги,9
Англия,Манчестер Сити,Манчестер,2002,Пеп Гвардиола,80
Италия,Интер,Милан,2012, Симоне Индзаги,13
Англия,Арсенал,Лондон,2009,Микель Артета,36
Германия,Бавария,Мюнхен,2025,Венсан Компани,26
Германия,Боруссия,Дортмунд,2021,Нико Ковач,95
Германия,Боруссия,Дортмунд,2019,Нико Ковач,97
Россия,Спартак,Москва,2021,Деян Станкович,78
Англия,Манчестер Сити,Манчестер,2003,Пеп Гвардиола,42
Россия,Зенит,Санкт-Петербург,2013,Семак Сергей Богданович,94
Англия,Арсенал,Лондон,2023,Микель Артета,38
Германия,Бавария,Мюнхен,2021,Венсан Компани,82
Испания,Барселона,Барселона,2005,Ханс‑Дитер Флик,19
Англия,Челси,Лондон,2008,Энцо Мареска,52
Германия,Боруссия,Дортмунд,2015,Нико Ковач,5
Италия,Интер,Милан,2013, Симоне Индзаги,13
Англия,Манчестер Сити,Манчестер,2001,Пеп Гвардиола,90
Англия,Манчестер Сити,Манчестер,2002,Пеп Гвардиола,68
Германия,Боруссия,Дортмунд,2016,Нико Ковач,29
Германия,Бавария,Мюнхен,2016,Венсан Компани,14
Испания,Барселона,Барселона,2016,Ханс‑Дитер Флик,85
Англия,Арсенал,Лондон,2014,Микель Артета,42
Германия,Лейпциг,Лейпциг,2024,Жолт Лев,51
Италия,Милан,Милан,2002,Сержиу Консейсан,27
Россия,Зенит,Санкт-Петербург,2021,Семак Сергей Богданович,67
Англия,Манчестер Сити,Манчестер,2016,Пеп Гвардиола,70
Россия,Спартак,Москва,2018,Деян Станкович,80
Испания,Реал Мадрид,Мадрид,2004,Карло Анчелотти,63
Англия,Арсенал,Лондон,2020,Микель Артета,22
Испания,Атлетико,Мадрид,2001,Диего Симеоне,35
Испания,Реал Мадрид,Мадрид,2006,Карло Анчелотти,18
Россия,Зенит,Санкт-Петербург,2006,Семак Сергей Богданович,3
Испания,Атлетико,Мадрид,2025,Диего Симеоне,44
Англия,Арсенал,Лондон,2008,Микель Артета,44
Испания,Барселона,Барселона,2015,Ханс‑Дитер Флик,89
Италия,Ювентус,Турин,2019,Игор Тудор,100
Англия,Манчестер Сити,Манчестер,2005,Пеп Гвардиола,68
Испания,Атлетико,Мадрид,2017,Диего Симеоне,20
